"","chr","pos","mkr"
"1","1",0.0786508828444561,"1_2"
"2","1",3.64901989052513,"1_11"
"3","1",6.60301305499933,"1_20"
"4","1",7.04754569903599,"1_22"
"5","1",9.34700328559533,"1_27"
"6","1",11.3560825250122,"1_33"
"7","1",18.1669914142616,"1_48"
"8","1",19.2146499377204,"1_53"
"9","1",19.8368269193205,"1_54"
"10","1",21.4649062003925,"1_57"
"11","1",21.703998255116,"1_58"
"12","1",23.2378446361296,"1_59"
"13","1",24.2538267888858,"1_64"
"14","1",25.0260390469767,"1_66"
"15","1",25.3468577615824,"1_68"
"16","1",27.7387846850724,"1_76"
"17","1",28.4924082340134,"1_79"
"18","1",28.7026187835828,"1_80"
"19","1",29.0357520930254,"1_82"
"20","1",33.8292200804857,"1_95"
"21","1",38.3046406790261,"1_112"
"22","1",38.4120325461004,"1_113"
"23","1",43.0084591526124,"1_124"
"24","1",45.6739308580184,"1_130"
"25","1",47.295951777708,"1_137"
"26","1",48.4640451027899,"1_139"
"27","1",48.5640658894027,"1_140"
"28","1",50.2806981166043,"1_147"
"29","1",50.4711514410361,"1_149"
"30","1",51.8968405587202,"1_153"
"31","1",52.4446559909295,"1_154"
"32","1",55.369690782337,"1_164"
"33","1",56.1239704676068,"1_165"
"34","1",59.325806480629,"1_170"
"35","1",59.4957169327392,"1_172"
"36","1",59.9126771722329,"1_173"
"37","1",61.9703004053335,"1_179"
"38","1",62.5072604631296,"1_180"
"39","1",62.6194883364954,"1_182"
"40","1",62.9926901764054,"1_183"
"41","1",63.964855090465,"1_186"
"42","1",64.234861902364,"1_187"
"43","1",66.5047108359469,"1_194"
"44","1",66.8228087776293,"1_196"
"45","1",68.3653476096558,"1_200"
"46","1",71.5146342528292,"1_208"
"47","1",72.6014844651306,"1_213"
"48","1",73.1566856060594,"1_215"
"49","1",73.1960601173595,"1_216"
"50","1",73.2608192595913,"1_217"
"51","1",73.4130090439098,"1_218"
"52","1",73.9589119580048,"1_220"
"53","1",73.9654239980506,"1_221"
"54","1",77.3502442342394,"1_230"
"55","1",77.8169237662434,"1_233"
"56","1",80.7881909625377,"1_242"
"57","1",87.0561658306942,"1_253"
"58","1",87.4292381856134,"1_254"
"59","1",88.836981095179,"1_258"
"60","1",91.107881681005,"1_267"
"61","1",91.6536296588569,"1_269"
"62","1",95.1247556086025,"1_277"
"63","1",96.7712675066034,"1_281"
"64","1",96.8091529476227,"1_282"
"65","1",98.2795942591018,"1_286"
"66","1",98.4133550804,"1_287"
"67","1",99.8849424185966,"1_291"
"68","1",100.907074754252,"1_295"
"69","1",103.064135326876,"1_300"
"70","1",104.382563273738,"1_307"
"71","1",106.828098558832,"1_311"
"72","1",108.097559426147,"1_315"
"73","1",113.650441622255,"1_330"
"74","1",115.349420900334,"1_333"
"75","1",116.829989791946,"1_338"
"76","1",118.061981990072,"1_342"
"77","1",122.383650733288,"1_351"
"78","1",123.718673008962,"1_355"
"79","1",125.914650503671,"1_359"
"80","1",128.018999247229,"1_364"
"81","1",128.727490646173,"1_368"
"82","1",130.620307591952,"1_371"
"83","1",131.472820255145,"1_372"
"84","1",132.049208000133,"1_377"
"85","1",132.083164635263,"1_378"
"86","1",132.223764004244,"1_380"
"87","1",133.295014669441,"1_388"
"88","1",133.526543717708,"1_389"
"89","1",133.866136422562,"1_391"
"90","1",135.184837291177,"1_395"
"91","1",135.719999994226,"1_397"
"92","1",137.469748932673,"1_403"
"93","1",138.050455741117,"1_406"
"94","1",139.791960450487,"1_411"
"95","1",140.271801507324,"1_413"
"96","1",141.207711821528,"1_418"
"97","1",142.263282432198,"1_422"
"98","1",142.453854516091,"1_423"
"99","1",146.492480874508,"1_429"
"100","1",147.042730065666,"1_433"
"101","1",149.514814482516,"1_438"
"102","1",150.13442145381,"1_443"
"103","1",150.470234288484,"1_446"
"104","1",150.578048862893,"1_447"
"105","1",154.111045101166,"1_456"
"106","1",154.690788304748,"1_459"
"107","1",160.677047574024,"1_480"
"108","1",162.091563442809,"1_486"
"109","1",162.231540216517,"1_487"
"110","1",164.032425184752,"1_496"
"111","1",166.324400693568,"1_498"
"112","1",168.64367190706,"1_503"
"113","1",172.107606317901,"1_519"
"114","1",172.862605617979,"1_520"
"115","1",173.56020570455,"1_523"
"116","1",173.728132931948,"1_525"
"117","1",176.617085539188,"1_533"
"118","1",178.169856148453,"1_538"
"119","1",180.654184711525,"1_547"
"120","1",183.900429050855,"1_552"
"121","1",191.926099378331,"1_580"
"122","1",194.830385384361,"1_590"
"123","1",198.783073042242,"1_596"
"124","2",3.31561973129929,"2_8"
"125","2",3.68328168939639,"2_12"
"126","2",6.98051544136032,"2_24"
"127","2",7.86420273762682,"2_30"
"128","2",8.80418985448412,"2_33"
"129","2",9.05303943352996,"2_36"
"130","2",13.7654072716833,"2_48"
"131","2",15.7716686171437,"2_53"
"132","2",16.2326966414275,"2_55"
"133","2",17.133051348976,"2_58"
"134","2",23.7368589145707,"2_75"
"135","2",23.943013341201,"2_77"
"136","2",24.6093884975182,"2_80"
"137","2",27.0581115146012,"2_86"
"138","2",28.4170007991997,"2_89"
"139","2",32.5837178888694,"2_99"
"140","2",32.7212863842451,"2_100"
"141","2",33.8767022138388,"2_102"
"142","2",34.6501437457887,"2_105"
"143","2",38.8712027813349,"2_115"
"144","2",40.6215596380829,"2_116"
"145","2",41.4512635703825,"2_119"
"146","2",45.1450137362568,"2_127"
"147","2",45.7811308194525,"2_129"
"148","2",46.2680139495762,"2_130"
"149","2",47.296679379069,"2_133"
"150","2",49.6203719038156,"2_141"
"151","2",50.2648019045822,"2_144"
"152","2",52.596705508926,"2_153"
"153","2",53.5660234573165,"2_157"
"154","2",54.872507147168,"2_166"
"155","2",55.3741144029735,"2_170"
"156","2",57.0760594829923,"2_176"
"157","2",58.1487181189439,"2_179"
"158","2",59.310695701201,"2_181"
"159","2",60.765752020698,"2_186"
"160","2",61.373320278735,"2_190"
"161","2",62.4828851667583,"2_192"
"162","2",64.4774991926172,"2_200"
"163","2",64.9832448448641,"2_203"
"164","2",65.0769186105028,"2_204"
"165","2",66.5813889954523,"2_212"
"166","2",67.0910296343262,"2_215"
"167","2",71.0423957463212,"2_228"
"168","2",73.6314724378462,"2_237"
"169","2",73.7117560605853,"2_238"
"170","2",76.3737485990358,"2_250"
"171","2",78.6881126095522,"2_258"
"172","2",78.9045902362434,"2_259"
"173","2",85.584771814001,"2_275"
"174","2",86.2416790858116,"2_279"
"175","2",86.4335485477547,"2_280"
"176","2",89.7940828053312,"2_289"
"177","2",92.5638365524954,"2_297"
"178","2",95.4463536919221,"2_307"
"179","2",97.3949354318481,"2_310"
"180","2",98.1402081466165,"2_314"
"181","2",98.2487778092983,"2_315"
"182","2",100.531361427515,"2_329"
"183","2",101.886484802766,"2_332"
"184","2",103.698859817356,"2_337"
"185","2",104.23844289159,"2_340"
"186","2",104.381827455172,"2_341"
"187","2",105.022527531669,"2_344"
"188","2",108.937549160718,"2_357"
"189","2",115.03419084781,"2_374"
"190","2",115.481850768756,"2_375"
"191","2",117.62595380408,"2_380"
"192","2",118.359694862856,"2_384"
"193","2",118.551418876762,"2_385"
"194","2",118.676164097818,"2_386"
"195","2",120.287043100537,"2_390"
"196","2",120.460686981808,"2_391"
"197","2",120.524499476384,"2_392"
"198","2",120.79913560211,"2_393"
"199","2",128.221592614106,"2_415"
"200","2",128.404215903099,"2_417"
"201","2",129.005641754915,"2_418"
"202","2",135.632993201675,"2_425"
"203","2",136.800240954052,"2_429"
"204","2",138.2449595082,"2_431"
"205","2",138.287126491036,"2_432"
"206","2",138.422830772962,"2_433"
"207","2",139.696289513611,"2_437"
"208","2",139.818573956426,"2_439"
"209","2",141.386845251715,"2_442"
"210","2",142.68373148373,"2_447"
"211","2",145.87479430552,"2_451"
"212","2",147.611051561747,"2_454"
"213","2",148.507562855219,"2_456"
"214","2",151.695136039665,"2_465"
"215","2",153.602408779634,"2_467"
"216","2",155.795174146353,"2_470"
"217","2",157.08362749609,"2_476"
"218","2",157.722019406994,"2_479"
"219","2",157.828857006424,"2_480"
"220","2",161.823392329895,"2_493"
"221","2",162.348929881332,"2_496"
"222","2",163.939105641595,"2_501"
"223","2",164.313542727407,"2_504"
"224","2",167.990270388745,"2_514"
"225","2",170.797199800159,"2_522"
"226","2",174.137494880744,"2_530"
"227","2",174.490204565061,"2_534"
"228","2",176.750168439765,"2_539"
"229","2",177.394647131031,"2_543"
"230","2",178.205862067156,"2_547"
"231","2",179.624555250976,"2_553"
"232","2",180.466827931926,"2_555"
"233","2",180.784408981343,"2_556"
"234","2",182.072094516854,"2_560"
"235","2",182.418747209667,"2_563"
"236","2",182.894850136903,"2_564"
"237","2",185.332527203304,"2_569"
"238","2",186.032625352265,"2_572"
"239","2",189.433643783118,"2_580"
"240","2",189.875624821892,"2_582"
"241","2",192.657105396487,"2_588"
"242","2",195.748215349294,"2_593"
"243","2",198.861364691533,"2_597"
"244","2",199.420953949851,"2_598"
"245","2",199.522208920989,"2_599"
"246","2",199.692583413725,"2_600"
"247","3",1.65514092813451,"3_8"
"248","3",3.33912229250609,"3_16"
"249","3",9.57643824489571,"3_34"
"250","3",10.2801375400524,"3_37"
"251","3",10.8027189378993,"3_40"
"252","3",11.4806735599142,"3_43"
"253","3",12.9406488627764,"3_50"
"254","3",14.5146152243269,"3_52"
"255","3",15.3397320219294,"3_57"
"256","3",20.7250533508722,"3_72"
"257","3",21.5828081578216,"3_76"
"258","3",22.3675001374426,"3_79"
"259","3",22.763899478742,"3_81"
"260","3",23.379191030107,"3_83"
"261","3",24.6838690841176,"3_88"
"262","3",26.4389956562331,"3_90"
"263","3",32.9532357298607,"3_110"
"264","3",33.6792455247066,"3_115"
"265","3",34.0489036958169,"3_117"
"266","3",36.3402271123337,"3_125"
"267","3",37.4377495933595,"3_126"
"268","3",38.2525285777933,"3_130"
"269","3",38.6496891290427,"3_131"
"270","3",39.7880101114056,"3_137"
"271","3",42.8864576255456,"3_149"
"272","3",43.4785485071652,"3_153"
"273","3",45.8086805890724,"3_158"
"274","3",55.8423991091547,"3_184"
"275","3",55.8941293115814,"3_185"
"276","3",58.4125117200471,"3_193"
"277","3",59.0510059332444,"3_194"
"278","3",61.8547082388795,"3_202"
"279","3",62.9588650752552,"3_205"
"280","3",63.4632768695818,"3_206"
"281","3",64.3626527310043,"3_209"
"282","3",65.5247655104136,"3_215"
"283","3",66.3310702423923,"3_218"
"284","3",70.5837525530656,"3_229"
"285","3",70.764100904182,"3_230"
"286","3",71.5919057802832,"3_233"
"287","3",72.1270756611255,"3_236"
"288","3",73.5842461924997,"3_244"
"289","3",74.3440419846039,"3_246"
"290","3",74.7989902689052,"3_248"
"291","3",76.919120413009,"3_253"
"292","3",79.2330010361769,"3_261"
"293","3",82.1328981396368,"3_273"
"294","3",82.6296568291482,"3_274"
"295","3",83.8112436676789,"3_278"
"296","3",84.0786327975569,"3_280"
"297","3",88.5269366195469,"3_288"
"298","3",89.5897895292805,"3_292"
"299","3",89.7986394276178,"3_293"
"300","3",93.7602482565867,"3_304"
"301","3",94.8828648487203,"3_306"
"302","3",96.2203375446735,"3_309"
"303","3",99.7246762234462,"3_313"
"304","3",100.901686256592,"3_317"
"305","3",105.759425971838,"3_331"
"306","3",107.712639395309,"3_334"
"307","3",114.346625187248,"3_344"
"308","3",116.989793055278,"3_349"
"309","3",117.252574870702,"3_350"
"310","3",118.1688288767,"3_353"
"311","3",121.801497699061,"3_363"
"312","3",122.434039349797,"3_366"
"313","3",122.450328064703,"3_367"
"314","3",123.742460499923,"3_372"
"315","3",124.049626582413,"3_374"
"316","3",127.925031915422,"3_380"
"317","3",127.995015295912,"3_381"
"318","3",129.827272948703,"3_388"
"319","3",131.968143821827,"3_396"
"320","3",132.71923168745,"3_401"
"321","3",134.26904268391,"3_408"
"322","3",137.176444266973,"3_415"
"323","3",138.53573705904,"3_421"
"324","3",138.571727941512,"3_422"
"325","3",138.97164395589,"3_424"
"326","3",139.726964750749,"3_427"
"327","3",142.632266908146,"3_431"
"328","3",143.636828496929,"3_433"
"329","3",145.533120403988,"3_438"
"330","3",147.894090627151,"3_445"
"331","3",151.178923170132,"3_454"
"332","3",151.60109440738,"3_457"
"333","3",152.220650387919,"3_459"
"334","3",152.430186252294,"3_460"
"335","3",153.62229150817,"3_462"
"336","3",154.404320300238,"3_465"
"337","3",157.07321683128,"3_471"
"338","3",157.180339531452,"3_473"
"339","3",158.298060281214,"3_476"
"340","3",158.763471166315,"3_479"
"341","3",158.987887421201,"3_481"
"342","3",160.704419253382,"3_483"
"343","3",161.036712936262,"3_484"
"344","3",162.094769897449,"3_487"
"345","3",163.146696658871,"3_493"
"346","3",163.384470507081,"3_495"
"347","3",163.471218542241,"3_496"
"348","3",166.571416909478,"3_503"
"349","3",169.83279869767,"3_509"
"350","3",171.238805640883,"3_514"
"351","3",171.918872886113,"3_515"
"352","3",171.972611089217,"3_516"
"353","3",172.063933106138,"3_517"
"354","3",173.952012225071,"3_521"
"355","3",179.908278877226,"3_548"
"356","3",181.744740475341,"3_554"
"357","3",182.834084826937,"3_555"
"358","3",184.062539959948,"3_559"
"359","3",185.273988777863,"3_561"
"360","3",188.764646726031,"3_571"
"361","3",189.331227445227,"3_573"
"362","3",189.345974159847,"3_574"
"363","3",191.80793559764,"3_580"
"364","3",191.84610573327,"3_582"
"365","3",194.896674644831,"3_592"
"366","3",196.271824954113,"3_595"
"367","3",196.351332647907,"3_596"
"368","3",197.231187987334,"3_597"
"369","3",199.299516874214,"3_600"
"370","4",0.710340600520665,"4_2"
"371","4",2.06272250779062,"4_8"
"372","4",7.17777615026089,"4_19"
"373","4",8.52663908022751,"4_24"
"374","4",12.416055938441,"4_37"
"375","4",15.6834455978603,"4_51"
"376","4",16.2657501684696,"4_52"
"377","4",21.1904478728935,"4_63"
"378","4",21.7262904873527,"4_64"
"379","4",24.6325392394105,"4_75"
"380","4",24.9538509956292,"4_76"
"381","4",25.2427814473412,"4_77"
"382","4",26.184410550955,"4_81"
"383","4",26.8912925521408,"4_83"
"384","4",27.7596656327332,"4_84"
"385","4",28.0138397840548,"4_85"
"386","4",31.1920087425267,"4_100"
"387","4",31.7198264086754,"4_101"
"388","4",33.3953851322786,"4_105"
"389","4",34.3186989895213,"4_112"
"390","4",34.4864427979178,"4_113"
"391","4",35.529811433827,"4_118"
"392","4",36.0027814555193,"4_121"
"393","4",36.0835633110438,"4_122"
"394","4",37.637161347756,"4_129"
"395","4",37.7663576655289,"4_130"
"396","4",38.9174231003051,"4_132"
"397","4",39.5149503553734,"4_134"
"398","4",39.8985341376674,"4_136"
"399","4",39.9747012709567,"4_137"
"400","4",40.308870883307,"4_139"
"401","4",40.3678855622924,"4_141"
"402","4",40.46670169165,"4_142"
"403","4",42.7478454463548,"4_148"
"404","4",45.5526515322812,"4_152"
"405","4",46.3286034380563,"4_155"
"406","4",48.006620254583,"4_160"
"407","4",48.1329164482041,"4_161"
"408","4",48.4057654075489,"4_164"
"409","4",49.0850601544629,"4_168"
"410","4",49.5124599242405,"4_169"
"411","4",51.2655918207962,"4_174"
"412","4",51.6967734566759,"4_177"
"413","4",52.5633326556345,"4_182"
"414","4",52.8400754552875,"4_183"
"415","4",53.1265498616967,"4_184"
"416","4",53.7381836500301,"4_186"
"417","4",54.583587102763,"4_189"
"418","4",54.6475458219865,"4_190"
"419","4",55.3256726585169,"4_193"
"420","4",55.6379816685669,"4_195"
"421","4",58.532091718403,"4_203"
"422","4",63.5629225092624,"4_220"
"423","4",65.859478328482,"4_224"
"424","4",67.5957474056066,"4_226"
"425","4",70.52764759386,"4_230"
"426","4",71.09326977081,"4_233"
"427","4",74.8389806877132,"4_241"
"428","4",75.019684591118,"4_242"
"429","4",75.0633659648679,"4_243"
"430","4",75.0774865704687,"4_244"
"431","4",78.5149215650265,"4_252"
"432","4",82.3213691934904,"4_264"
"433","4",82.8962608458754,"4_266"
"434","4",82.969626189521,"4_267"
"435","4",89.577488418916,"4_289"
"436","4",90.015769003362,"4_290"
"437","4",90.7307956494431,"4_293"
"438","4",95.7107968525845,"4_302"
"439","4",96.6435876150114,"4_306"
"440","4",98.5571198597072,"4_312"
"441","4",99.3633561827331,"4_316"
"442","4",99.438598369559,"4_317"
"443","4",99.5751141856672,"4_318"
"444","4",101.168441156746,"4_322"
"445","4",104.911421101631,"4_334"
"446","4",109.366463032633,"4_343"
"447","4",111.059535685942,"4_348"
"448","4",111.386397919586,"4_349"
"449","4",111.819241338469,"4_351"
"450","4",112.008954716643,"4_352"
"451","4",113.01055464099,"4_355"
"452","4",115.840153913496,"4_361"
"453","4",120.739543668256,"4_377"
"454","4",124.879396641295,"4_388"
"455","4",128.252837554632,"4_398"
"456","4",128.907324951477,"4_401"
"457","4",129.166433341075,"4_402"
"458","4",133.314155692668,"4_411"
"459","4",140.328783398119,"4_434"
"460","4",145.221392703144,"4_439"
"461","4",145.278998793956,"4_440"
"462","4",146.657050356742,"4_441"
"463","4",149.206100105731,"4_449"
"464","4",152.539649022505,"4_458"
"465","4",155.000525023057,"4_468"
"466","4",155.701793576845,"4_469"
"467","4",159.58245733504,"4_481"
"468","4",164.154841735354,"4_488"
"469","4",164.632655692625,"4_490"
"470","4",164.859154742822,"4_491"
"471","4",168.29142534874,"4_500"
"472","4",170.201848556349,"4_505"
"473","4",172.258696556977,"4_513"
"474","4",173.455300466708,"4_516"
"475","4",175.074209781889,"4_519"
"476","4",175.136528661124,"4_520"
"477","4",176.055672776408,"4_525"
"478","4",176.580106518095,"4_528"
"479","4",177.199369502646,"4_532"
"480","4",177.467295392658,"4_534"
"481","4",178.843743453519,"4_540"
"482","4",178.884194120067,"4_541"
"483","4",181.861339434829,"4_553"
"484","4",184.005282221229,"4_557"
"485","4",186.332095757162,"4_563"
"486","4",188.259683412941,"4_565"
"487","4",189.4976996909,"4_569"
"488","4",190.217294792446,"4_570"
"489","4",191.226886510134,"4_573"
"490","4",193.241691257805,"4_581"
"491","4",196.052174802231,"4_590"
"492","4",197.251934942806,"4_594"
"493","5",0.331415772720103,"5_3"
"494","5",1.80712295807272,"5_7"
"495","5",3.18420271348523,"5_12"
"496","5",8.26991494510973,"5_21"
"497","5",8.38838991263168,"5_22"
"498","5",10.2729828904573,"5_25"
"499","5",10.4748879700267,"5_27"
"500","5",12.5349234508816,"5_30"
"501","5",14.5229604602812,"5_38"
"502","5",16.2286365706942,"5_39"
"503","5",17.3137877935641,"5_42"
"504","5",17.8569419582726,"5_45"
"505","5",20.7802860444867,"5_57"
"506","5",20.9388471062157,"5_59"
"507","5",23.4959599988449,"5_64"
"508","5",23.7074105847811,"5_65"
"509","5",25.2036280048185,"5_68"
"510","5",26.3698143161548,"5_72"
"511","5",26.6157374990433,"5_73"
"512","5",28.7236954160963,"5_78"
"513","5",30.6248174247507,"5_86"
"514","5",35.6765849277718,"5_99"
"515","5",38.6316826377004,"5_104"
"516","5",39.2220964186404,"5_107"
"517","5",39.5913343710139,"5_110"
"518","5",40.3930906438278,"5_114"
"519","5",41.0285940538178,"5_116"
"520","5",42.3098950575481,"5_118"
"521","5",42.3667909045395,"5_119"
"522","5",42.527736988783,"5_120"
"523","5",42.8939557965987,"5_122"
"524","5",43.19253999144,"5_123"
"525","5",44.4442941673802,"5_125"
"526","5",46.8832604168564,"5_129"
"527","5",47.2965969294387,"5_130"
"528","5",49.5713808026863,"5_133"
"529","5",49.7305988883282,"5_134"
"530","5",52.4924931177898,"5_140"
"531","5",52.9165483335231,"5_142"
"532","5",52.9187710370759,"5_143"
"533","5",59.3609883712127,"5_165"
"534","5",61.2198130995989,"5_170"
"535","5",62.5035499742298,"5_173"
"536","5",62.6384829726996,"5_174"
"537","5",65.8111127794847,"5_180"
"538","5",66.2031202326576,"5_183"
"539","5",66.4599988677596,"5_186"
"540","5",66.5097227935441,"5_187"
"541","5",66.6268794713187,"5_189"
"542","5",66.9199663810989,"5_190"
"543","5",68.0392126701587,"5_192"
"544","5",68.4262860301347,"5_195"
"545","5",69.5992069118626,"5_199"
"546","5",72.6521522181042,"5_211"
"547","5",73.9273274766437,"5_215"
"548","5",74.1417810587032,"5_216"
"549","5",78.3056304687348,"5_230"
"550","5",82.3772102821077,"5_238"
"551","5",85.5688283124448,"5_245"
"552","5",89.8272159976208,"5_259"
"553","5",93.2101041715979,"5_262"
"554","5",93.6488003916531,"5_263"
"555","5",94.3358000354573,"5_268"
"556","5",98.3225134094622,"5_278"
"557","5",99.7507446417113,"5_281"
"558","5",100.351998939033,"5_283"
"559","5",100.680211434446,"5_286"
"560","5",102.726848988241,"5_289"
"561","5",104.286822724701,"5_291"
"562","5",105.829740035839,"5_296"
"563","5",107.216905958835,"5_304"
"564","5",109.036298068731,"5_312"
"565","5",109.968304804434,"5_315"
"566","5",110.159687282108,"5_316"
"567","5",121.245035650438,"5_337"
"568","5",121.330364921246,"5_338"
"569","5",124.23013173456,"5_349"
"570","5",125.493050480566,"5_356"
"571","5",131.893492391047,"5_377"
"572","5",135.102885307986,"5_384"
"573","5",139.836438789686,"5_392"
"574","5",145.78085727638,"5_410"
"575","5",146.805429985894,"5_412"
"576","5",148.460228799977,"5_420"
"577","5",149.203697477152,"5_423"
"578","5",150.539342012517,"5_427"
"579","5",151.208118721728,"5_433"
"580","5",151.298468087645,"5_434"
"581","5",152.033634699758,"5_439"
"582","5",153.489834463546,"5_445"
"583","5",153.791412018069,"5_447"
"584","5",154.810959969155,"5_449"
"585","5",155.113524090059,"5_451"
"586","5",157.651561387919,"5_458"
"587","5",160.420207960446,"5_470"
"588","5",166.377205638391,"5_493"
"589","5",168.160275804585,"5_500"
"590","5",170.199589174207,"5_508"
"591","5",170.298734610504,"5_509"
"592","5",171.179798414574,"5_512"
"593","5",175.839496895883,"5_525"
"594","5",176.21997134934,"5_528"
"595","5",176.414457448216,"5_530"
"596","5",176.555914606952,"5_532"
"597","5",178.151429416184,"5_541"
"598","5",178.827590735287,"5_542"
"599","5",179.189188548197,"5_544"
"600","5",181.214085567469,"5_551"
"601","5",182.43836128714,"5_555"
"602","5",182.948152355727,"5_556"
"603","5",184.698548981499,"5_560"
"604","5",185.514507274342,"5_562"
"605","5",189.453411810081,"5_575"
"606","5",190.00835171631,"5_578"
"607","5",190.276298568669,"5_580"
"608","5",190.440011496251,"5_581"
"609","5",190.965051617659,"5_582"
"610","5",192.015730393476,"5_584"
"611","5",194.657876757384,"5_590"
"612","5",195.534830959776,"5_591"
"613","5",195.780454396782,"5_592"
"614","5",198.085378648309,"5_597"
"615","5",199.151483559523,"5_599"
"616","6",0.241449001937997,"6_3"
"617","6",0.723749762197609,"6_4"
"618","6",2.53023079676135,"6_11"
"619","6",4.22183290823766,"6_17"
"620","6",4.41768568747047,"6_18"
"621","6",6.48583261279221,"6_25"
"622","6",7.63996051013377,"6_30"
"623","6",8.89595459350543,"6_34"
"624","6",9.16759124068057,"6_35"
"625","6",9.56636607285821,"6_37"
"626","6",11.176001081842,"6_40"
"627","6",12.4178345627148,"6_43"
"628","6",13.1883949568439,"6_47"
"629","6",13.4226015579778,"6_48"
"630","6",14.2534195466647,"6_52"
"631","6",14.7019921608618,"6_55"
"632","6",16.6633131639849,"6_62"
"633","6",17.0187492900986,"6_66"
"634","6",17.6947271431639,"6_68"
"635","6",22.2342878017198,"6_77"
"636","6",25.1504132660642,"6_87"
"637","6",30.837963464929,"6_103"
"638","6",32.4494337530122,"6_104"
"639","6",33.9872227877025,"6_107"
"640","6",35.4107490329428,"6_109"
"641","6",36.1800288873019,"6_114"
"642","6",37.9898156500759,"6_125"
"643","6",40.1426690647981,"6_135"
"644","6",41.0834516265719,"6_137"
"645","6",46.5156641427533,"6_152"
"646","6",49.6360001965337,"6_161"
"647","6",52.2170042644992,"6_167"
"648","6",58.506908830496,"6_185"
"649","6",59.7814967343572,"6_190"
"650","6",60.883046621453,"6_192"
"651","6",61.229682247909,"6_193"
"652","6",62.455755139241,"6_198"
"653","6",62.8576328213557,"6_199"
"654","6",63.6142179424056,"6_200"
"655","6",63.723066301897,"6_201"
"656","6",64.3581158147826,"6_204"
"657","6",65.8242174469927,"6_212"
"658","6",69.6381403163192,"6_221"
"659","6",71.3401909142343,"6_227"
"660","6",71.5783380403788,"6_228"
"661","6",72.3368832151029,"6_230"
"662","6",72.8007958283511,"6_233"
"663","6",74.5690510236692,"6_237"
"664","6",75.343820177337,"6_242"
"665","6",75.7666993107884,"6_245"
"666","6",75.823792523238,"6_246"
"667","6",76.813626054552,"6_252"
"668","6",79.8038723314626,"6_256"
"669","6",82.7208285274666,"6_265"
"670","6",86.0302990806097,"6_276"
"671","6",86.4036444823191,"6_278"
"672","6",89.5071174806632,"6_287"
"673","6",90.5265139556432,"6_291"
"674","6",91.2881739024093,"6_292"
"675","6",94.0926147407329,"6_297"
"676","6",95.8119489360002,"6_306"
"677","6",96.2512530813087,"6_307"
"678","6",96.4802914614905,"6_308"
"679","6",98.1040275323577,"6_312"
"680","6",98.9575302625742,"6_316"
"681","6",103.065587499346,"6_325"
"682","6",106.489976578694,"6_337"
"683","6",107.917662987744,"6_340"
"684","6",108.436172787009,"6_342"
"685","6",108.984073453426,"6_344"
"686","6",112.307241888759,"6_356"
"687","6",115.61204734948,"6_366"
"688","6",116.457540183444,"6_367"
"689","6",116.993503938768,"6_368"
"690","6",117.116379259377,"6_371"
"691","6",118.015457999947,"6_378"
"692","6",118.602301731419,"6_381"
"693","6",130.965594805651,"6_405"
"694","6",131.664183035672,"6_409"
"695","6",134.577682439862,"6_419"
"696","6",139.866974159735,"6_427"
"697","6",140.466191927425,"6_430"
"698","6",142.383903847158,"6_434"
"699","6",143.713755101843,"6_441"
"700","6",143.915426928581,"6_442"
"701","6",147.926632025166,"6_453"
"702","6",148.592530350642,"6_456"
"703","6",152.854502574194,"6_465"
"704","6",154.818701965417,"6_475"
"705","6",154.913859904958,"6_476"
"706","6",156.475983040017,"6_479"
"707","6",162.092813888412,"6_495"
"708","6",166.160562307263,"6_503"
"709","6",166.166755465903,"6_504"
"710","6",170.178445206267,"6_508"
"711","6",170.453561970863,"6_510"
"712","6",170.632800739828,"6_511"
"713","6",173.644062356918,"6_518"
"714","6",174.841926893099,"6_523"
"715","6",175.643728300966,"6_526"
"716","6",175.933935717986,"6_527"
"717","6",177.348046302832,"6_533"
"718","6",178.491546168796,"6_537"
"719","6",179.835260251241,"6_542"
"720","6",179.938847710649,"6_543"
"721","6",180.227243151344,"6_544"
"722","6",180.655605586362,"6_549"
"723","6",180.805168353515,"6_550"
"724","6",181.242323252953,"6_551"
"725","6",181.977298467242,"6_554"
"726","6",184.829014274707,"6_559"
"727","6",185.632383768939,"6_561"
"728","6",186.366822080799,"6_562"
"729","6",187.8664225655,"6_569"
"730","6",188.108376913748,"6_570"
"731","6",188.960551725087,"6_572"
"732","6",190.966662718687,"6_576"
"733","6",192.248193537237,"6_581"
"734","6",193.198609062896,"6_583"
"735","6",193.680566785883,"6_584"
"736","6",194.619376697568,"6_588"
"737","6",195.559516536311,"6_592"
"738","6",196.071741652164,"6_594"
"739","7",0.628180695862904,"7_6"
"740","7",1.82791684112186,"7_11"
"741","7",2.75663431841186,"7_12"
"742","7",5.22888541092193,"7_21"
"743","7",5.84787633069064,"7_24"
"744","7",5.93045964022646,"7_25"
"745","7",10.5119686235311,"7_31"
"746","7",11.0918139821835,"7_32"
"747","7",11.253292818526,"7_34"
"748","7",11.5563649854261,"7_37"
"749","7",12.1986928856998,"7_40"
"750","7",18.0763025535983,"7_60"
"751","7",20.163735228737,"7_65"
"752","7",29.9775221768882,"7_96"
"753","7",30.0591742197761,"7_97"
"754","7",30.3877080196074,"7_101"
"755","7",31.3710670981633,"7_108"
"756","7",32.4511163095361,"7_111"
"757","7",34.7070101277281,"7_115"
"758","7",40.2614139307715,"7_128"
"759","7",42.2013356346201,"7_130"
"760","7",42.8962820303965,"7_132"
"761","7",44.2742532385742,"7_136"
"762","7",44.5404414841886,"7_138"
"763","7",46.0539190433837,"7_139"
"764","7",47.3370540213844,"7_144"
"765","7",49.2648690466157,"7_150"
"766","7",51.452604816333,"7_156"
"767","7",52.0484174769813,"7_158"
"768","7",52.6928541191363,"7_159"
"769","7",53.0050653679788,"7_160"
"770","7",54.2842678149088,"7_164"
"771","7",54.5547278945175,"7_166"
"772","7",55.9972054658538,"7_167"
"773","7",58.2909678933086,"7_173"
"774","7",60.382247904648,"7_178"
"775","7",61.9741938963398,"7_185"
"776","7",63.7388912982662,"7_190"
"777","7",65.3672048052162,"7_193"
"778","7",65.5088567797746,"7_195"
"779","7",74.1744229661619,"7_219"
"780","7",75.0833451665234,"7_221"
"781","7",78.9039915204868,"7_231"
"782","7",81.5099577463527,"7_237"
"783","7",82.8664644325014,"7_241"
"784","7",83.3140438466029,"7_244"
"785","7",83.6542319150377,"7_245"
"786","7",85.6754083104329,"7_249"
"787","7",90.8402587398473,"7_260"
"788","7",91.6252714477813,"7_262"
"789","7",92.3555771133322,"7_266"
"790","7",93.6880237319813,"7_271"
"791","7",95.6875293701484,"7_279"
"792","7",95.9579597917398,"7_281"
"793","7",98.1130713324875,"7_288"
"794","7",99.0713986297635,"7_292"
"795","7",100.279057317205,"7_297"
"796","7",100.442137980558,"7_298"
"797","7",100.462932061313,"7_299"
"798","7",101.819515200545,"7_300"
"799","7",101.851794556573,"7_302"
"800","7",107.896291907301,"7_327"
"801","7",110.480083769068,"7_332"
"802","7",113.307216848226,"7_338"
"803","7",113.354644161044,"7_339"
"804","7",117.826621382591,"7_348"
"805","7",118.373687379515,"7_349"
"806","7",119.092931658843,"7_351"
"807","7",120.58316576701,"7_356"
"808","7",120.97931623471,"7_358"
"809","7",121.469735570223,"7_359"
"810","7",122.395450757688,"7_362"
"811","7",122.654573582149,"7_364"
"812","7",124.565051069979,"7_370"
"813","7",125.770636198163,"7_376"
"814","7",126.140590867004,"7_378"
"815","7",130.745727407222,"7_393"
"816","7",136.491508205607,"7_414"
"817","7",137.811931511465,"7_416"
"818","7",138.369803972496,"7_418"
"819","7",138.692107528651,"7_420"
"820","7",139.155900681748,"7_424"
"821","7",139.645519389534,"7_427"
"822","7",140.252851105479,"7_430"
"823","7",140.905474202068,"7_431"
"824","7",143.504285195623,"7_440"
"825","7",144.793260149592,"7_444"
"826","7",148.870681714152,"7_454"
"827","7",151.048989171487,"7_461"
"828","7",155.413194267076,"7_468"
"829","7",157.361246219134,"7_473"
"830","7",157.39626254699,"7_474"
"831","7",159.151868537134,"7_479"
"832","7",159.957850313516,"7_481"
"833","7",160.676869533403,"7_485"
"834","7",160.850565531021,"7_488"
"835","7",161.115167461545,"7_489"
"836","7",163.641344141412,"7_495"
"837","7",164.692501841132,"7_498"
"838","7",165.263116453603,"7_499"
"839","7",167.502431700311,"7_504"
"840","7",170.326772380945,"7_510"
"841","7",170.672482737151,"7_511"
"842","7",172.0133700587,"7_515"
"843","7",174.282122638363,"7_518"
"844","7",174.32370212249,"7_519"
"845","7",175.738119611787,"7_526"
"846","7",177.422494158055,"7_530"
"847","7",178.349501271111,"7_532"
"848","7",178.422880743833,"7_533"
"849","7",180.548346028924,"7_539"
"850","7",185.27346252627,"7_550"
"851","7",187.427352166901,"7_557"
"852","7",187.974040928895,"7_561"
"853","7",190.905093073108,"7_571"
"854","7",191.576035799621,"7_574"
"855","7",191.698289565129,"7_575"
"856","7",193.105925056175,"7_578"
"857","7",193.496901706678,"7_580"
"858","7",194.229615030748,"7_581"
"859","7",194.515986066848,"7_582"
"860","7",195.787510977995,"7_587"
"861","7",199.248230549742,"7_597"
"862","8",0.0153261430342682,"8_2"
"863","8",0.864307625344245,"8_6"
"864","8",4.70426505578556,"8_15"
"865","8",7.43674641032759,"8_27"
"866","8",8.90096719428658,"8_34"
"867","8",12.4782923450105,"8_46"
"868","8",14.4752757496432,"8_53"
"869","8",14.4828816752974,"8_54"
"870","8",17.244967692668,"8_59"
"871","8",17.2598519164252,"8_60"
"872","8",17.3854320462064,"8_61"
"873","8",19.0335778378807,"8_66"
"874","8",19.1221527485753,"8_67"
"875","8",21.7767812995659,"8_79"
"876","8",22.8895124766748,"8_82"
"877","8",23.5788670324935,"8_85"
"878","8",25.9945445594542,"8_91"
"879","8",26.0004056495739,"8_92"
"880","8",33.0483357708779,"8_111"
"881","8",33.1430902062637,"8_112"
"882","8",34.6031966743948,"8_118"
"883","8",36.4076827033966,"8_124"
"884","8",36.4573032575261,"8_125"
"885","8",37.6848815199449,"8_129"
"886","8",38.9530322655514,"8_133"
"887","8",40.3535687538679,"8_135"
"888","8",43.458681694508,"8_144"
"889","8",43.6847874246978,"8_145"
"890","8",44.5733921568427,"8_150"
"891","8",47.2445373593034,"8_153"
"892","8",50.502532245191,"8_162"
"893","8",53.1063815859361,"8_171"
"894","8",55.0188111028735,"8_176"
"895","8",55.7040618710205,"8_178"
"896","8",56.578282521086,"8_179"
"897","8",57.483941628664,"8_183"
"898","8",59.3934743904017,"8_190"
"899","8",60.2481531018076,"8_191"
"900","8",64.0457264626003,"8_202"
"901","8",66.5130442869561,"8_206"
"902","8",67.5580231999244,"8_210"
"903","8",68.4335793057793,"8_212"
"904","8",72.9053378623707,"8_222"
"905","8",73.2232267261258,"8_224"
"906","8",75.8667011297301,"8_230"
"907","8",76.9449166923408,"8_235"
"908","8",77.2615577160408,"8_236"
"909","8",78.3172430571218,"8_242"
"910","8",79.0894838761419,"8_247"
"911","8",80.4718008498405,"8_252"
"912","8",81.4421428264399,"8_253"
"913","8",81.476501602903,"8_254"
"914","8",84.3252924662147,"8_258"
"915","8",86.1019778789836,"8_261"
"916","8",86.9891626766827,"8_264"
"917","8",89.0633664210928,"8_273"
"918","8",89.5919082966399,"8_277"
"919","8",89.6332365388864,"8_278"
"920","8",90.0494316750449,"8_280"
"921","8",93.4777237092939,"8_288"
"922","8",93.4931858825097,"8_289"
"923","8",93.5035210581916,"8_290"
"924","8",97.7023069652047,"8_301"
"925","8",105.321117645928,"8_313"
"926","8",105.352775414262,"8_315"
"927","8",108.03438015597,"8_321"
"928","8",110.843555623446,"8_324"
"929","8",113.093601502062,"8_332"
"930","8",114.775398819492,"8_337"
"931","8",115.718119115334,"8_339"
"932","8",115.889347278975,"8_340"
"933","8",116.307893865494,"8_341"
"934","8",116.928171000602,"8_346"
"935","8",116.972328983736,"8_349"
"936","8",117.097864382498,"8_350"
"937","8",118.582625349723,"8_353"
"938","8",121.904169906095,"8_357"
"939","8",124.736105631967,"8_364"
"940","8",124.774689757396,"8_365"
"941","8",126.031162429171,"8_369"
"942","8",127.30120563628,"8_372"
"943","8",128.881606718656,"8_379"
"944","8",131.054265232016,"8_385"
"945","8",132.554785978455,"8_391"
"946","8",136.942069002069,"8_410"
"947","8",136.954983458761,"8_411"
"948","8",138.564925737672,"8_416"
"949","8",141.604735348394,"8_419"
"950","8",142.85122671411,"8_422"
"951","8",142.912702569906,"8_423"
"952","8",144.870648182746,"8_428"
"953","8",146.463297825341,"8_439"
"954","8",147.957172492044,"8_443"
"955","8",148.312395220325,"8_444"
"956","8",158.264871146196,"8_479"
"957","8",158.64062561199,"8_480"
"958","8",159.010554485242,"8_483"
"959","8",159.092601989148,"8_484"
"960","8",163.111851964499,"8_498"
"961","8",163.18078359806,"8_499"
"962","8",164.191081996928,"8_502"
"963","8",164.694090872396,"8_504"
"964","8",165.340520693994,"8_507"
"965","8",169.670007426634,"8_518"
"966","8",170.030805751044,"8_520"
"967","8",170.980670885499,"8_524"
"968","8",171.527130950978,"8_528"
"969","8",172.407683864548,"8_534"
"970","8",173.61245992427,"8_537"
"971","8",174.51039201378,"8_539"
"972","8",178.709339874507,"8_548"
"973","8",179.793976267495,"8_555"
"974","8",185.309579621617,"8_563"
"975","8",186.989223972528,"8_568"
"976","8",187.420005071285,"8_569"
"977","8",189.709311803508,"8_574"
"978","8",190.258466730795,"8_575"
"979","8",191.886248136259,"8_582"
"980","8",192.914701011825,"8_585"
"981","8",193.678762927059,"8_587"
"982","8",197.212085940287,"8_595"
"983","8",198.040758564074,"8_597"
"984","8",199.616282829393,"8_600"
"985","9",0.514275833997145,"9_5"
"986","9",1.97088497290837,"9_11"
"987","9",2.0449359922524,"9_12"
"988","9",3.15101634963974,"9_14"
"989","9",3.74297843780564,"9_16"
"990","9",5.82852876336098,"9_20"
"991","9",8.21456730875106,"9_31"
"992","9",8.28743888536573,"9_32"
"993","9",9.70448624710126,"9_41"
"994","9",9.77957037854197,"9_42"
"995","9",14.253388998039,"9_59"
"996","9",14.8570742636747,"9_61"
"997","9",15.7357438014727,"9_64"
"998","9",16.3964250670891,"9_66"
"999","9",16.9362360667916,"9_69"
"1000","9",18.1508380632465,"9_71"
"1001","9",18.5677321757202,"9_75"
"1002","9",21.7899249911385,"9_86"
"1003","9",22.0360253721257,"9_87"
"1004","9",23.4012777500786,"9_88"
"1005","9",23.4846163100614,"9_89"
"1006","9",23.7802159071797,"9_90"
"1007","9",30.1892315170878,"9_108"
"1008","9",30.8122975424893,"9_111"
"1009","9",33.221688401959,"9_125"
"1010","9",34.5465336410612,"9_128"
"1011","9",34.7299087537711,"9_129"
"1012","9",37.0114313191727,"9_133"
"1013","9",44.0717052974773,"9_149"
"1014","9",44.0927504663897,"9_150"
"1015","9",45.9059018696662,"9_154"
"1016","9",46.2483563549987,"9_157"
"1017","9",47.6185932526222,"9_161"
"1018","9",47.7869656594733,"9_162"
"1019","9",49.903834413249,"9_170"
"1020","9",51.2204641271055,"9_173"
"1021","9",53.8734490709045,"9_178"
"1022","9",55.2592180728389,"9_185"
"1023","9",55.4567288529148,"9_189"
"1024","9",55.6472301104194,"9_190"
"1025","9",57.0627160710181,"9_196"
"1026","9",57.2214251789115,"9_197"
"1027","9",58.5120266162179,"9_204"
"1028","9",58.7229671978797,"9_205"
"1029","9",59.5882731799664,"9_207"
"1030","9",59.7097158736078,"9_208"
"1031","9",60.8070009833115,"9_213"
"1032","9",61.3357450787614,"9_217"
"1033","9",63.3111783909588,"9_223"
"1034","9",67.0931006276215,"9_231"
"1035","9",67.2623649530419,"9_233"
"1036","9",68.598348307446,"9_238"
"1037","9",68.7417518946094,"9_240"
"1038","9",70.2663466690877,"9_243"
"1039","9",74.5410004403022,"9_254"
"1040","9",75.3012683561444,"9_256"
"1041","9",75.771424353925,"9_258"
"1042","9",77.886890146071,"9_264"
"1043","9",81.5685525221112,"9_270"
"1044","9",82.9939952512038,"9_274"
"1045","9",83.3917039202439,"9_276"
"1046","9",83.4779526320434,"9_277"
"1047","9",85.9465603663797,"9_281"
"1048","9",86.0385835851782,"9_282"
"1049","9",87.0389545249044,"9_285"
"1050","9",95.1243133052885,"9_302"
"1051","9",96.3398819573495,"9_309"
"1052","9",96.709340714817,"9_312"
"1053","9",97.7743386943302,"9_317"
"1054","9",98.208297077815,"9_318"
"1055","9",100.140393079634,"9_324"
"1056","9",101.068165868665,"9_327"
"1057","9",102.354133849514,"9_332"
"1058","9",102.447055710778,"9_333"
"1059","9",103.170712217209,"9_336"
"1060","9",109.585196494834,"9_356"
"1061","9",110.03474542519,"9_357"
"1062","9",111.819474788856,"9_366"
"1063","9",113.511408646367,"9_370"
"1064","9",114.93356493021,"9_374"
"1065","9",115.058556481558,"9_375"
"1066","9",116.090363672283,"9_376"
"1067","9",118.614900876338,"9_383"
"1068","9",118.70130242197,"9_385"
"1069","9",118.725537493111,"9_386"
"1070","9",122.143960992391,"9_398"
"1071","9",123.212795875653,"9_399"
"1072","9",124.606633246454,"9_403"
"1073","9",125.611688384329,"9_406"
"1074","9",128.90518100968,"9_413"
"1075","9",129.445618329876,"9_417"
"1076","9",131.87238282233,"9_426"
"1077","9",133.724875785187,"9_433"
"1078","9",138.440888330089,"9_443"
"1079","9",150.856203586123,"9_462"
"1080","9",151.247576267678,"9_465"
"1081","9",154.086300549381,"9_475"
"1082","9",155.774772507609,"9_476"
"1083","9",156.726925790259,"9_478"
"1084","9",159.868096098727,"9_486"
"1085","9",161.366053899986,"9_492"
"1086","9",161.579125468003,"9_494"
"1087","9",161.661167718415,"9_495"
"1088","9",162.963590800638,"9_499"
"1089","9",163.020679816684,"9_500"
"1090","9",164.400835094256,"9_504"
"1091","9",164.921470611278,"9_506"
"1092","9",165.191105561138,"9_508"
"1093","9",166.169433591362,"9_512"
"1094","9",167.012673492671,"9_514"
"1095","9",168.857707691711,"9_522"
"1096","9",173.206439540885,"9_531"
"1097","9",177.252944763287,"9_539"
"1098","9",177.933907902082,"9_541"
"1099","9",183.131384437101,"9_556"
"1100","9",187.243608957856,"9_570"
"1101","9",190.906326240816,"9_575"
"1102","9",192.535728321327,"9_582"
"1103","9",192.738816581367,"9_583"
"1104","9",193.824338047728,"9_586"
"1105","9",195.017653620528,"9_588"
"1106","9",198.676708831307,"9_597"
"1107","9",199.285762095686,"9_599"
"1108","10",2.0597416006841,"10_6"
"1109","10",2.85322353896049,"10_7"
"1110","10",5.25997602531749,"10_15"
"1111","10",7.15716879245185,"10_19"
"1112","10",8.00892559745734,"10_21"
"1113","10",8.78287980089531,"10_26"
"1114","10",8.80950259472877,"10_27"
"1115","10",9.15017488180681,"10_30"
"1116","10",11.1798811545066,"10_36"
"1117","10",11.9129734958529,"10_37"
"1118","10",12.7381478724519,"10_42"
"1119","10",13.0955147738919,"10_44"
"1120","10",14.1803016684841,"10_47"
"1121","10",15.7759062185964,"10_55"
"1122","10",17.119596338124,"10_57"
"1123","10",17.1331853602433,"10_58"
"1124","10",17.5866073169796,"10_59"
"1125","10",17.6719687799339,"10_60"
"1126","10",18.3039144628099,"10_62"
"1127","10",22.5435598691878,"10_70"
"1128","10",24.7508864525343,"10_75"
"1129","10",26.148795621898,"10_80"
"1130","10",28.2496433075509,"10_86"
"1131","10",28.8322989461719,"10_92"
"1132","10",29.7311569372301,"10_95"
"1133","10",29.8256051937985,"10_96"
"1134","10",30.5993505352122,"10_101"
"1135","10",31.0498023625524,"10_102"
"1136","10",31.9746628118015,"10_105"
"1137","10",35.3672070268902,"10_115"
"1138","10",36.9448623089132,"10_119"
"1139","10",37.893772258267,"10_122"
"1140","10",38.1033876160175,"10_124"
"1141","10",43.8762532415676,"10_133"
"1142","10",44.7318135311447,"10_136"
"1143","10",46.9237099765332,"10_143"
"1144","10",47.3937802847531,"10_146"
"1145","10",48.0742302038229,"10_151"
"1146","10",52.7554580419983,"10_163"
"1147","10",54.1875832040002,"10_167"
"1148","10",54.3927320286863,"10_168"
"1149","10",54.5717933031565,"10_169"
"1150","10",55.8881332831506,"10_172"
"1151","10",56.1595036318206,"10_174"
"1152","10",63.7946398121046,"10_192"
"1153","10",65.2371719276463,"10_196"
"1154","10",65.6478027798574,"10_199"
"1155","10",66.8048970288777,"10_207"
"1156","10",69.1267542275121,"10_217"
"1157","10",69.8721124107664,"10_219"
"1158","10",73.9052001464677,"10_230"
"1159","10",74.8362462769448,"10_233"
"1160","10",75.2857986058801,"10_235"
"1161","10",77.7737821677479,"10_242"
"1162","10",81.5846317040096,"10_252"
"1163","10",82.4333656586919,"10_253"
"1164","10",85.5583395895693,"10_260"
"1165","10",85.9501896828585,"10_262"
"1166","10",86.2245844632321,"10_266"
"1167","10",87.0291249608434,"10_268"
"1168","10",88.8355594483125,"10_275"
"1169","10",92.2810346792887,"10_282"
"1170","10",92.8445778861612,"10_284"
"1171","10",95.9038719241724,"10_292"
"1172","10",96.0130688346889,"10_293"
"1173","10",97.4305135462344,"10_298"
"1174","10",98.2673311757474,"10_301"
"1175","10",101.150193016734,"10_306"
"1176","10",107.951593528861,"10_322"
"1177","10",108.155015340417,"10_323"
"1178","10",110.09286323347,"10_327"
"1179","10",110.93979180706,"10_334"
"1180","10",111.49588667502,"10_336"
"1181","10",112.302578396477,"10_337"
"1182","10",119.475641723239,"10_356"
"1183","10",122.654083587439,"10_362"
"1184","10",123.657453755169,"10_369"
"1185","10",129.346278400977,"10_381"
"1186","10",129.346848484403,"10_382"
"1187","10",129.365097691478,"10_383"
"1188","10",129.558188541015,"10_384"
"1189","10",130.630719534443,"10_390"
"1190","10",133.90645473775,"10_400"
"1191","10",135.155809135634,"10_407"
"1192","10",135.419970871369,"10_408"
"1193","10",136.128045360249,"10_410"
"1194","10",139.054250325378,"10_419"
"1195","10",140.190451701693,"10_425"
"1196","10",140.310373004755,"10_426"
"1197","10",140.883175680046,"10_429"
"1198","10",140.934211398956,"10_430"
"1199","10",141.367762062724,"10_434"
"1200","10",142.450565415866,"10_436"
"1201","10",144.169744901768,"10_445"
"1202","10",147.938431059507,"10_455"
"1203","10",148.459248717678,"10_456"
"1204","10",150.3671383931,"10_461"
"1205","10",151.095235859184,"10_462"
"1206","10",151.201056075355,"10_463"
"1207","10",152.075068032176,"10_465"
"1208","10",153.763355056896,"10_467"
"1209","10",157.107130422847,"10_480"
"1210","10",157.224029088831,"10_482"
"1211","10",160.280059434308,"10_489"
"1212","10",161.743808264164,"10_493"
"1213","10",162.981179672899,"10_496"
"1214","10",164.876438549107,"10_498"
"1215","10",165.871194577302,"10_499"
"1216","10",166.403889865029,"10_501"
"1217","10",166.63887781368,"10_502"
"1218","10",168.439280331768,"10_506"
"1219","10",171.35463832369,"10_513"
"1220","10",173.518336349328,"10_519"
"1221","10",177.844270149371,"10_533"
"1222","10",181.480682396191,"10_551"
"1223","10",184.644582395366,"10_558"
"1224","10",185.911051938674,"10_559"
"1225","10",186.694539293648,"10_561"
"1226","10",187.831776173055,"10_563"
"1227","10",196.736973597934,"10_588"
"1228","10",198.674294533828,"10_595"
"1229","10",198.86967022893,"10_596"
"1230","10",199.688756472423,"10_599"
