BLUEs,Environment,Genotype
1503.779069,ENV1,Genotype_10162
1093.218142,ENV1,Genotype_10164
2766.247857,ENV1,Genotype_10169
1378.536821,ENV1,Genotype_10173
2484.518733,ENV1,Genotype_10175
2134.615633,ENV1,Genotype_10176
1988.646641,ENV1,Genotype_10178
3079.535971,ENV1,Genotype_10184
1835.678295,ENV1,Genotype_10186
2471.30814,ENV1,Genotype_10187
3926.448116,ENV1,Genotype_10195
1723.301034,ENV1,Genotype_10198
1607.139858,ENV1,Genotype_10200
1424.098837,ENV1,Genotype_10211
2997.514007,ENV1,Genotype_10220
1631.768939,ENV1,Genotype_10222
2498.73708,ENV1,Genotype_10224
2990.465116,ENV1,Genotype_10226
1575.930232,ENV1,Genotype_10228
1981.576227,ENV1,Genotype_10232
2112.189922,ENV1,Genotype_10240
1923.042635,ENV1,Genotype_10248
2977.302972,ENV1,Genotype_10251
2191.407181,ENV1,Genotype_10254
2119.208656,ENV1,Genotype_10262
3346.628994,ENV1,Genotype_10266
3775.89902,ENV1,Genotype_10269
1920.998062,ENV1,Genotype_10270
2143.262274,ENV1,Genotype_10273
2043.205222,ENV1,Genotype_10274
2050.663759,ENV1,Genotype_10277
2901.524548,ENV1,Genotype_10279
1308.304263,ENV1,Genotype_10286
2259.657623,ENV1,Genotype_10288
3024.040698,ENV1,Genotype_10289
471.1886305,ENV1,Genotype_10290
2396.340439,ENV1,Genotype_10292
1954.457364,ENV1,Genotype_10295
3305.048449,ENV1,Genotype_10297
2785.799946,ENV1,Genotype_10298
1372.215762,ENV1,Genotype_10299
2222.48062,ENV1,Genotype_10302
2342.173772,ENV1,Genotype_10303
2203.895349,ENV1,Genotype_10306
3466.925064,ENV1,Genotype_10309
2749.683462,ENV1,Genotype_10311
1450.004845,ENV1,Genotype_10318
1698.404393,ENV1,Genotype_10321
1807.306202,ENV1,Genotype_10327
2099.13974,ENV1,Genotype_10328
2798.323643,ENV1,Genotype_10334
1119.941861,ENV1,Genotype_10337
2754.96447,ENV1,Genotype_10340
3489.502584,ENV1,Genotype_10346
1746.731266,ENV1,Genotype_10347
2533.162144,ENV1,Genotype_10352
1810.193798,ENV1,Genotype_10353
2635.339147,ENV1,Genotype_10354
2557.777778,ENV1,Genotype_10359
1117.647491,ENV1,Genotype_10361
2462.532299,ENV1,Genotype_10362
3118.556201,ENV1,Genotype_10363
1762.45801,ENV1,Genotype_10367
2277.307816,ENV1,Genotype_10370
2551.18217,ENV1,Genotype_10371
2667.667958,ENV1,Genotype_10372
3870.355297,ENV1,Genotype_10374
1905.920543,ENV1,Genotype_10375
2479.331395,ENV1,Genotype_10382
2233.569121,ENV1,Genotype_10386
1098.605739,ENV1,Genotype_10388
1501.107558,ENV1,Genotype_10389
1564.147286,ENV1,Genotype_10390
2598.79199,ENV1,Genotype_10392
3336.065891,ENV1,Genotype_10395
2688.902896,ENV1,Genotype_10400
3029.857881,ENV1,Genotype_10401
2162.060723,ENV1,Genotype_10411
1792.868217,ENV1,Genotype_10413
2084.833656,ENV1,Genotype_10415
1375.181966,ENV1,Genotype_10416
1256.350129,ENV1,Genotype_10417
2261.983204,ENV1,Genotype_10419
1788.472222,ENV1,Genotype_10421
2252.164082,ENV1,Genotype_10424
2583.69509,ENV1,Genotype_10429
1915.652454,ENV1,Genotype_10430
3812.144703,ENV1,Genotype_10431
984.0503876,ENV1,Genotype_10432
3871.545543,ENV1,Genotype_10436
1209.140827,ENV1,Genotype_10439
3136.756019,ENV1,Genotype_10441
1356.26615,ENV1,Genotype_10444
1802.756783,ENV1,Genotype_10445
1550.594315,ENV1,Genotype_10448
3101.059431,ENV1,Genotype_10455
1798.908268,ENV1,Genotype_10456
3048.622416,ENV1,Genotype_10457
1398.242894,ENV1,Genotype_10461
2605.360142,ENV1,Genotype_10462
1869.31686,ENV1,Genotype_10463
2173.79199,ENV1,Genotype_10467
2729.94832,ENV1,Genotype_10471
2196.639212,ENV1,Genotype_10472
1438.636951,ENV1,Genotype_10473
1823.808139,ENV1,Genotype_10475
1747.005814,ENV1,Genotype_10478
2086.419573,ENV1,Genotype_10480
3287.622739,ENV1,Genotype_10483
2486.925064,ENV1,Genotype_10485
1793.782299,ENV1,Genotype_10488
3292.351421,ENV1,Genotype_10489
3140.486639,ENV1,Genotype_10493
2005.994832,ENV1,Genotype_10496
3104.069767,ENV1,Genotype_10499
1195.00323,ENV1,Genotype_10500
1832.396641,ENV1,Genotype_10503
2488.03779,ENV1,Genotype_10508
1974.089147,ENV1,Genotype_10515
2650.565245,ENV1,Genotype_10516
3243.843669,ENV1,Genotype_10530
2650.052767,ENV1,Genotype_10531
2770.424741,ENV1,Genotype_10545
2701.311369,ENV1,Genotype_10555
1395.880167,ENV1,Genotype_10560
1887.45155,ENV1,Genotype_10568
1712.755168,ENV1,Genotype_10578
1897.286822,ENV1,Genotype_10582
3322.015504,ENV1,Genotype_10587
2377.222222,ENV1,Genotype_10588
2518.72093,ENV1,Genotype_10589
1266.91699,ENV1,Genotype_10590
2204.68778,ENV1,Genotype_10592
3236.445941,ENV1,Genotype_10594
1196.413114,ENV1,Genotype_10595
2093.346253,ENV1,Genotype_10596
2562.974806,ENV1,Genotype_10598
1595.998062,ENV1,Genotype_10605
3169.408915,ENV1,Genotype_10610
1865.300387,ENV1,Genotype_10611
2349.98708,ENV1,Genotype_10615
1858.383926,ENV1,Genotype_10626
1437.060723,ENV1,Genotype_10629
2911.766795,ENV1,Genotype_10630
2703.081395,ENV1,Genotype_10633
2167.4677,ENV1,Genotype_10634
2835.271318,ENV1,Genotype_10639
2622.248062,ENV1,Genotype_10647
3400.074289,ENV1,Genotype_10654
1015.867248,ENV1,Genotype_10659
2213.64341,ENV1,Genotype_10667
2600.528628,ENV1,Genotype_10673
3077.313749,ENV1,Genotype_10674
2596.007752,ENV1,Genotype_10683
2758.407622,ENV1,Genotype_10684
2840.973837,ENV1,Genotype_10685
2333.010336,ENV1,Genotype_10690
2248.68217,ENV1,Genotype_10695
2839.65225,ENV1,Genotype_10697
3050.697674,ENV1,Genotype_10701
2171.146641,ENV1,Genotype_10704
2143.955631,ENV1,Genotype_10705
2868.747857,ENV1,Genotype_10706
2027.806847,ENV1,Genotype_10707
3441.905685,ENV1,Genotype_10714
2818.998708,ENV1,Genotype_10717
1721.017442,ENV1,Genotype_10719
3489.554263,ENV1,Genotype_10720
2314.04284,ENV1,Genotype_10721
3644.825581,ENV1,Genotype_10725
1455.109819,ENV1,Genotype_10736
2066.492248,ENV1,Genotype_10738
1032.753026,ENV1,Genotype_10742
3544.108527,ENV1,Genotype_10743
840.147491,ENV1,Genotype_10748
2652.858527,ENV1,Genotype_10752
3383.956718,ENV1,Genotype_10755
3251.156331,ENV1,Genotype_10757
2668.556201,ENV1,Genotype_10760
1650.901163,ENV1,Genotype_10762
2401.724806,ENV1,Genotype_10766
1694.61349,ENV1,Genotype_10767
1480.985142,ENV1,Genotype_10770
2937.793927,ENV1,Genotype_10775
2063.17345,ENV1,Genotype_10782
1733.963178,ENV1,Genotype_10785
3188.515299,ENV1,Genotype_10786
2868.614341,ENV1,Genotype_10787
1277.952196,ENV1,Genotype_10793
485.3886847,ENV1,Genotype_10794
2621.020671,ENV1,Genotype_10795
3492.125323,ENV1,Genotype_10796
1983.349483,ENV1,Genotype_10799
2216.252143,ENV1,Genotype_10801
2653.80491,ENV1,Genotype_10811
1751.915375,ENV1,Genotype_10813
1337.180233,ENV1,Genotype_10814
2219.998385,ENV1,Genotype_10815
2505.825786,ENV1,Genotype_10816
1154.359378,ENV1,Genotype_10823
1571.434109,ENV1,Genotype_10825
3114.574731,ENV1,Genotype_10826
3405.245478,ENV1,Genotype_10829
2470.747739,ENV1,Genotype_10835
1603.339793,ENV1,Genotype_10844
1955.050592,ENV1,Genotype_10847
2392.997416,ENV1,Genotype_10849
3321.921834,ENV1,Genotype_10850
3101.983204,ENV1,Genotype_10853
1862.713178,ENV1,Genotype_10854
2317.764858,ENV1,Genotype_10856
4116.872298,ENV1,Genotype_10869
2810.166871,ENV1,Genotype_10870
2414.237726,ENV1,Genotype_10874
1641.957364,ENV1,Genotype_10876
2416.5493,ENV1,Genotype_10881
3614.489664,ENV1,Genotype_10886
1602.733645,ENV1,Genotype_10895
3265.542635,ENV1,Genotype_10899
2777.858527,ENV1,Genotype_10902
2604.97739,ENV1,Genotype_10903
1997.017119,ENV1,Genotype_10904
1308.560519,ENV1,Genotype_10911
3379.134366,ENV1,Genotype_10912
2014.321705,ENV1,Genotype_10919
1365.949612,ENV1,Genotype_10923
1956.663436,ENV1,Genotype_10925
1903.42486,ENV1,Genotype_10928
1737.910206,ENV1,Genotype_10930
2045.263771,ENV1,Genotype_10932
3877.312661,ENV1,Genotype_10934
1607.687338,ENV1,Genotype_10936
2771.782946,ENV1,Genotype_10937
1410.388684,ENV1,Genotype_10941
1669.192506,ENV1,Genotype_10943
1930.284237,ENV1,Genotype_10947
3335.794573,ENV1,Genotype_10949
1262.80253,ENV1,Genotype_10955
1277.293282,ENV1,Genotype_10960
2432.170543,ENV1,Genotype_10961
1372.601744,ENV1,Genotype_10963
3347.170542,ENV1,Genotype_10965
2088.443152,ENV1,Genotype_10966
3044.670543,ENV1,Genotype_10970
2888.104005,ENV1,Genotype_10977
1503.914728,ENV1,Genotype_10980
3331.950904,ENV1,Genotype_10984
3370.671834,ENV1,Genotype_10985
2153.73385,ENV1,Genotype_10994
5663.673568,ENV1,Genotype_10996
2365.671834,ENV1,Genotype_11003
622.6222421,ENV2,Genotype_10162
621.3550984,ENV2,Genotype_10164
1084.853906,ENV2,Genotype_10169
483.8998212,ENV2,Genotype_10173
412.6416219,ENV2,Genotype_10175
1353.749255,ENV2,Genotype_10176
1164.281455,ENV2,Genotype_10178
1534.675015,ENV2,Genotype_10184
714.9821109,ENV2,Genotype_10186
1077.713178,ENV2,Genotype_10187
671.9588551,ENV2,Genotype_10195
695.9786822,ENV2,Genotype_10198
432.5730471,ENV2,Genotype_10200
544.0556053,ENV2,Genotype_10211
1131.961837,ENV2,Genotype_10220
776.8709004,ENV2,Genotype_10222
633.0053667,ENV2,Genotype_10224
805.9779367,ENV2,Genotype_10226
314.1547406,ENV2,Genotype_10228
739.7957663,ENV2,Genotype_10232
1450.402505,ENV2,Genotype_10240
799.4931425,ENV2,Genotype_10248
678.1827669,ENV2,Genotype_10251
641.7747466,ENV2,Genotype_10254
877.452296,ENV2,Genotype_10262
796.5339895,ENV2,Genotype_10266
733.0873586,ENV2,Genotype_10269
678.7902505,ENV2,Genotype_10270
622.104204,ENV2,Genotype_10273
816.6592129,ENV2,Genotype_10274
539.1920096,ENV2,Genotype_10277
735.3160406,ENV2,Genotype_10279
644.8158915,ENV2,Genotype_10286
724.6086762,ENV2,Genotype_10288
906.0077518,ENV2,Genotype_10289
635.5545617,ENV2,Genotype_10290
462.99195,ENV2,Genotype_10292
976.5503878,ENV2,Genotype_10295
880.4114489,ENV2,Genotype_10297
376.9230769,ENV2,Genotype_10298
757.9606442,ENV2,Genotype_10299
716.4989565,ENV2,Genotype_10302
1351.790772,ENV2,Genotype_10303
1032.528324,ENV2,Genotype_10306
1368.723912,ENV2,Genotype_10309
1264.244186,ENV2,Genotype_10311
302.0907872,ENV2,Genotype_10318
446.3998211,ENV2,Genotype_10321
905.48226,ENV2,Genotype_10327
924.8062015,ENV2,Genotype_10328
1094.163685,ENV2,Genotype_10334
481.7866727,ENV2,Genotype_10337
788.6106141,ENV2,Genotype_10340
1156.976745,ENV2,Genotype_10346
556.7680382,ENV2,Genotype_10347
685.9048897,ENV2,Genotype_10352
989.1547404,ENV2,Genotype_10353
334.7980024,ENV2,Genotype_10354
461.7098986,ENV2,Genotype_10359
754.5840787,ENV2,Genotype_10361
637.745975,ENV2,Genotype_10362
489.0168456,ENV2,Genotype_10363
784.7122839,ENV2,Genotype_10367
337.0080501,ENV2,Genotype_10370
504.818873,ENV2,Genotype_10371
554.4871795,ENV2,Genotype_10372
764.177102,ENV2,Genotype_10374
485.4725701,ENV2,Genotype_10375
859.2725104,ENV2,Genotype_10382
671.466905,ENV2,Genotype_10386
630.1729279,ENV2,Genotype_10388
898.6881338,ENV2,Genotype_10389
1066.961091,ENV2,Genotype_10390
491.83065,ENV2,Genotype_10392
1164.967204,ENV2,Genotype_10395
921.6569768,ENV2,Genotype_10400
637.5409958,ENV2,Genotype_10401
711.1359571,ENV2,Genotype_10411
607.9830054,ENV2,Genotype_10413
1067.740012,ENV2,Genotype_10415
899.8509243,ENV2,Genotype_10416
454.7704234,ENV2,Genotype_10417
422.1526536,ENV2,Genotype_10419
683.5494932,ENV2,Genotype_10421
1043.70155,ENV2,Genotype_10424
766.2045319,ENV2,Genotype_10429
843.6531006,ENV2,Genotype_10430
768.783542,ENV2,Genotype_10431
695.1252236,ENV2,Genotype_10432
1505.202743,ENV2,Genotype_10436
534.742099,ENV2,Genotype_10439
779.1815743,ENV2,Genotype_10441
683.6165772,ENV2,Genotype_10444
385.9421586,ENV2,Genotype_10445
729.8449612,ENV2,Genotype_10448
673.4458856,ENV2,Genotype_10455
1314.102564,ENV2,Genotype_10456
603.8610614,ENV2,Genotype_10457
1119.96124,ENV2,Genotype_10461
1658.676208,ENV2,Genotype_10462
876.8634469,ENV2,Genotype_10463
842.5313059,ENV2,Genotype_10467
1847.063208,ENV2,Genotype_10471
919.7227189,ENV2,Genotype_10472
464.9001193,ENV2,Genotype_10473
1022.160107,ENV2,Genotype_10475
661.5161002,ENV2,Genotype_10478
655.6425164,ENV2,Genotype_10480
514.281455,ENV2,Genotype_10483
771.3923671,ENV2,Genotype_10485
1479.733155,ENV2,Genotype_10488
482.4090639,ENV2,Genotype_10489
1041.972272,ENV2,Genotype_10493
762.5521765,ENV2,Genotype_10496
978.7641624,ENV2,Genotype_10499
371.2880143,ENV2,Genotype_10500
480.3667263,ENV2,Genotype_10503
598.6135957,ENV2,Genotype_10508
718.8021765,ENV2,Genotype_10515
713.0702145,ENV2,Genotype_10516
867.6244782,ENV2,Genotype_10530
1027.877162,ENV2,Genotype_10531
1128.521914,ENV2,Genotype_10545
1235.286226,ENV2,Genotype_10555
462.9397734,ENV2,Genotype_10560
487.3509243,ENV2,Genotype_10568
662.2093023,ENV2,Genotype_10578
697.666965,ENV2,Genotype_10582
573.9937389,ENV2,Genotype_10587
947.6073347,ENV2,Genotype_10588
840.0715563,ENV2,Genotype_10589
627.8175313,ENV2,Genotype_10590
354.3157424,ENV2,Genotype_10592
1122.160108,ENV2,Genotype_10594
576.013715,ENV2,Genotype_10595
823.2334526,ENV2,Genotype_10596
1069.171139,ENV2,Genotype_10598
404.1815743,ENV2,Genotype_10605
1064.836762,ENV2,Genotype_10610
478.2051282,ENV2,Genotype_10611
401.0062612,ENV2,Genotype_10615
665.5970483,ENV2,Genotype_10626
568.7984497,ENV2,Genotype_10629
1815.63059,ENV2,Genotype_10630
1124.798748,ENV2,Genotype_10633
580.1431127,ENV2,Genotype_10634
683.6314848,ENV2,Genotype_10639
627.2659509,ENV2,Genotype_10647
798.5986882,ENV2,Genotype_10654
486.0055158,ENV2,Genotype_10659
706.3618068,ENV2,Genotype_10667
530.6350626,ENV2,Genotype_10673
634.9582589,ENV2,Genotype_10674
1496.243292,ENV2,Genotype_10683
1290.775939,ENV2,Genotype_10684
728.1231366,ENV2,Genotype_10685
304.2859273,ENV2,Genotype_10690
849.3403399,ENV2,Genotype_10695
727.8175315,ENV2,Genotype_10697
664.7734049,ENV2,Genotype_10701
615.190817,ENV2,Genotype_10704
833.1786673,ENV2,Genotype_10705
1340.645498,ENV2,Genotype_10706
628.8014312,ENV2,Genotype_10707
654.785331,ENV2,Genotype_10714
352.4373882,ENV2,Genotype_10717
454.643709,ENV2,Genotype_10719
644.9985093,ENV2,Genotype_10720
301.8746273,ENV2,Genotype_10721
669.0891473,ENV2,Genotype_10725
1146.683065,ENV2,Genotype_10736
549.2620751,ENV2,Genotype_10738
670.5799046,ENV2,Genotype_10742
571.4296363,ENV2,Genotype_10743
730.9630293,ENV2,Genotype_10748
738.1037568,ENV2,Genotype_10752
704.960495,ENV2,Genotype_10755
425.1192606,ENV2,Genotype_10757
642.5536673,ENV2,Genotype_10760
1654.531902,ENV2,Genotype_10762
621.3625522,ENV2,Genotype_10766
310.8378056,ENV2,Genotype_10767
337.0155039,ENV2,Genotype_10770
782.990459,ENV2,Genotype_10775
1401.610018,ENV2,Genotype_10782
1656.887299,ENV2,Genotype_10785
977.2584974,ENV2,Genotype_10786
775.4584079,ENV2,Genotype_10787
557.368068,ENV2,Genotype_10793
651.8485391,ENV2,Genotype_10794
953.8647883,ENV2,Genotype_10795
364.5535182,ENV2,Genotype_10796
856.1270125,ENV2,Genotype_10799
499.929189,ENV2,Genotype_10801
524.686941,ENV2,Genotype_10805
1676.207514,ENV2,Genotype_10811
1466.890281,ENV2,Genotype_10813
594.2307693,ENV2,Genotype_10814
378.2871199,ENV2,Genotype_10815
633.8178295,ENV2,Genotype_10816
1453.991503,ENV2,Genotype_10823
1137.462731,ENV2,Genotype_10825
642.7698271,ENV2,Genotype_10826
1081.469887,ENV2,Genotype_10829
279.6288014,ENV2,Genotype_10835
773.5763268,ENV2,Genotype_10844
429.3530114,ENV2,Genotype_10847
1032.036374,ENV2,Genotype_10849
816.83065,ENV2,Genotype_10850
616.517591,ENV2,Genotype_10853
373.4607931,ENV2,Genotype_10854
358.3407872,ENV2,Genotype_10856
1032.237626,ENV2,Genotype_10869
1956.648778,ENV2,Genotype_10870
730.0946631,ENV2,Genotype_10874
549.2061717,ENV2,Genotype_10876
629.8747764,ENV2,Genotype_10881
807.7034883,ENV2,Genotype_10886
419.3761181,ENV2,Genotype_10895
807.5991353,ENV2,Genotype_10899
928.8461538,ENV2,Genotype_10902
1477.139237,ENV2,Genotype_10903
511.7769827,ENV2,Genotype_10904
572.9576625,ENV2,Genotype_10911
2562.753429,ENV2,Genotype_10912
361.1210495,ENV2,Genotype_10919
598.2707216,ENV2,Genotype_10923
836.5384616,ENV2,Genotype_10925
601.3305009,ENV2,Genotype_10928
682.0810972,ENV2,Genotype_10930
476.7590937,ENV2,Genotype_10932
805.7804115,ENV2,Genotype_10934
673.9042934,ENV2,Genotype_10936
633.1246273,ENV2,Genotype_10937
551.9491652,ENV2,Genotype_10941
707.3009839,ENV2,Genotype_10943
392.5163983,ENV2,Genotype_10947
381.63387,ENV2,Genotype_10949
526.7665474,ENV2,Genotype_10955
613.4279965,ENV2,Genotype_10960
1232.692308,ENV2,Genotype_10961
488.442904,ENV2,Genotype_10963
522.3352713,ENV2,Genotype_10965
515.9809183,ENV2,Genotype_10966
1032.886106,ENV2,Genotype_10970
797.6967798,ENV2,Genotype_10977
646.9141326,ENV2,Genotype_10980
956.8239414,ENV2,Genotype_10984
1498.844663,ENV2,Genotype_10985
372.3762672,ENV2,Genotype_10994
544.171139,ENV2,Genotype_10996
923.5539656,ENV2,Genotype_11003
1447.218279,ENV5,Genotype_10162
4408.292783,ENV5,Genotype_10164
2583.600556,ENV5,Genotype_10169
3324.068959,ENV5,Genotype_10173
3402.524115,ENV5,Genotype_10175
3047.082872,ENV5,Genotype_10176
2984.487574,ENV5,Genotype_10178
4728.923418,ENV5,Genotype_10184
3759.184625,ENV5,Genotype_10186
3602.639803,ENV5,Genotype_10187
4005.878009,ENV5,Genotype_10195
2173.76615,ENV5,Genotype_10198
5023.849848,ENV5,Genotype_10200
3530.059263,ENV5,Genotype_10211
2733.614341,ENV5,Genotype_10220
1121.347343,ENV5,Genotype_10222
2479.441214,ENV5,Genotype_10224
5272.32622,ENV5,Genotype_10226
1161.490486,ENV5,Genotype_10228
1456.24526,ENV5,Genotype_10232
4353.108499,ENV5,Genotype_10240
4145.44047,ENV5,Genotype_10248
3240.988723,ENV5,Genotype_10251
1427.978036,ENV5,Genotype_10254
2440.730851,ENV5,Genotype_10262
3548.828389,ENV5,Genotype_10266
4737.740141,ENV5,Genotype_10269
3228.352502,ENV5,Genotype_10270
4199.038248,ENV5,Genotype_10273
3869.353916,ENV5,Genotype_10274
2470.718529,ENV5,Genotype_10277
5259.135982,ENV5,Genotype_10279
2013.259044,ENV5,Genotype_10286
2539.560162,ENV5,Genotype_10288
3136.066559,ENV5,Genotype_10289
2002.817958,ENV5,Genotype_10290
1761.245107,ENV5,Genotype_10292
2462.215262,ENV5,Genotype_10295
2655.990899,ENV5,Genotype_10297
2758.439922,ENV5,Genotype_10298
3135.248891,ENV5,Genotype_10299
3171.002907,ENV5,Genotype_10302
886.6863625,ENV5,Genotype_10303
4358.802452,ENV5,Genotype_10306
1594.940742,ENV5,Genotype_10309
2498.07978,ENV5,Genotype_10311
3083.583994,ENV5,Genotype_10318
1692.165698,ENV5,Genotype_10321
2349.498336,ENV5,Genotype_10327
4363.122472,ENV5,Genotype_10328
3887.52489,ENV5,Genotype_10334
2716.990015,ENV5,Genotype_10337
2737.478437,ENV5,Genotype_10340
3526.399772,ENV5,Genotype_10346
1869.66119,ENV5,Genotype_10347
3831.100157,ENV5,Genotype_10352
2659.948791,ENV5,Genotype_10353
2223.596394,ENV5,Genotype_10354
2560.387596,ENV5,Genotype_10359
4529.926518,ENV5,Genotype_10361
4029.27136,ENV5,Genotype_10362
4797.774033,ENV5,Genotype_10363
2383.208671,ENV5,Genotype_10367
2852.685723,ENV5,Genotype_10370
1642.802564,ENV5,Genotype_10371
4592.846539,ENV5,Genotype_10372
4628.544762,ENV5,Genotype_10374
3222.11479,ENV5,Genotype_10375
1816.565056,ENV5,Genotype_10382
2973.261659,ENV5,Genotype_10386
2338.364763,ENV5,Genotype_10388
3361.724806,ENV5,Genotype_10389
2686.405031,ENV5,Genotype_10390
4118.048533,ENV5,Genotype_10392
3447.677367,ENV5,Genotype_10395
3778.744734,ENV5,Genotype_10400
4696.552705,ENV5,Genotype_10401
2932.277131,ENV5,Genotype_10411
1739.084005,ENV5,Genotype_10413
3708.488863,ENV5,Genotype_10415
2701.84745,ENV5,Genotype_10416
2357.320736,ENV5,Genotype_10417
5710.424039,ENV5,Genotype_10419
4067.880013,ENV5,Genotype_10421
1233.583481,ENV5,Genotype_10424
3105.115471,ENV5,Genotype_10429
3458.648431,ENV5,Genotype_10430
3342.770475,ENV5,Genotype_10431
2183.466569,ENV5,Genotype_10432
3603.154476,ENV5,Genotype_10436
1635.487866,ENV5,Genotype_10439
2054.79341,ENV5,Genotype_10441
4414.0302,ENV5,Genotype_10444
1634.484011,ENV5,Genotype_10445
2036.128595,ENV5,Genotype_10448
3320.053964,ENV5,Genotype_10455
3198.072196,ENV5,Genotype_10456
3125.019722,ENV5,Genotype_10457
3367.661002,ENV5,Genotype_10461
2870.87771,ENV5,Genotype_10462
3661.448591,ENV5,Genotype_10463
3414.637435,ENV5,Genotype_10467
3736.044836,ENV5,Genotype_10471
3039.576692,ENV5,Genotype_10472
2767.685439,ENV5,Genotype_10473
3643.767569,ENV5,Genotype_10475
4853.819045,ENV5,Genotype_10478
3654.059498,ENV5,Genotype_10480
2610.261661,ENV5,Genotype_10483
3157.689217,ENV5,Genotype_10485
3077.125139,ENV5,Genotype_10488
4085.965937,ENV5,Genotype_10489
2347.059424,ENV5,Genotype_10493
1381.204834,ENV5,Genotype_10496
3848.443551,ENV5,Genotype_10499
3423.883025,ENV5,Genotype_10500
3751.715748,ENV5,Genotype_10503
4951.262236,ENV5,Genotype_10508
4164.322937,ENV5,Genotype_10515
2087.87023,ENV5,Genotype_10516
4432.099483,ENV5,Genotype_10530
3731.595537,ENV5,Genotype_10531
2989.328041,ENV5,Genotype_10545
3735.786463,ENV5,Genotype_10555
1887.64254,ENV5,Genotype_10560
2997.753859,ENV5,Genotype_10568
2672.896574,ENV5,Genotype_10578
3299.864341,ENV5,Genotype_10582
3298.617606,ENV5,Genotype_10587
3578.397613,ENV5,Genotype_10588
4621.287285,ENV5,Genotype_10589
641.7306421,ENV5,Genotype_10590
3246.99823,ENV5,Genotype_10592
2657.084694,ENV5,Genotype_10594
4692.503476,ENV5,Genotype_10595
1274.03666,ENV5,Genotype_10596
4150.324296,ENV5,Genotype_10598
3939.492227,ENV5,Genotype_10605
1519.395706,ENV5,Genotype_10610
2885.027835,ENV5,Genotype_10611
3473.172757,ENV5,Genotype_10615
2236.626292,ENV5,Genotype_10626
2022.919123,ENV5,Genotype_10629
2135.965587,ENV5,Genotype_10630
3978.77907,ENV5,Genotype_10633
2157.392816,ENV5,Genotype_10634
2865.346245,ENV5,Genotype_10639
2223.310967,ENV5,Genotype_10647
4117.238073,ENV5,Genotype_10654
1491.407318,ENV5,Genotype_10659
4993.62282,ENV5,Genotype_10667
4148.25482,ENV5,Genotype_10673
3502.709984,ENV5,Genotype_10674
2407.118933,ENV5,Genotype_10683
2210.572531,ENV5,Genotype_10684
5106.107495,ENV5,Genotype_10685
3898.993793,ENV5,Genotype_10690
3587.399871,ENV5,Genotype_10695
2974.052863,ENV5,Genotype_10697
1573.385013,ENV5,Genotype_10701
3212.988755,ENV5,Genotype_10704
2960.311017,ENV5,Genotype_10705
934.0155248,ENV5,Genotype_10706
1949.933106,ENV5,Genotype_10707
1813.511298,ENV5,Genotype_10714
3414.658114,ENV5,Genotype_10717
2800.047923,ENV5,Genotype_10719
3849.107143,ENV5,Genotype_10720
2957.435067,ENV5,Genotype_10721
4630.119319,ENV5,Genotype_10725
1697.942529,ENV5,Genotype_10736
2807.371037,ENV5,Genotype_10738
1674.054434,ENV5,Genotype_10742
3625.607483,ENV5,Genotype_10743
2060.297158,ENV5,Genotype_10748
1992.428763,ENV5,Genotype_10752
3118.054748,ENV5,Genotype_10755
3577.414158,ENV5,Genotype_10757
2179.284303,ENV5,Genotype_10760
3816.290241,ENV5,Genotype_10762
3311.507261,ENV5,Genotype_10766
3076.014808,ENV5,Genotype_10767
3084.449781,ENV5,Genotype_10770
4275.567263,ENV5,Genotype_10775
2163.241223,ENV5,Genotype_10782
4932.882014,ENV5,Genotype_10785
1830.451416,ENV5,Genotype_10786
4433.40551,ENV5,Genotype_10787
1842.860949,ENV5,Genotype_10793
2872.330169,ENV5,Genotype_10794
4317.591642,ENV5,Genotype_10795
1925.841,ENV5,Genotype_10796
1654.042349,ENV5,Genotype_10799
1707.173479,ENV5,Genotype_10801
2850.131305,ENV5,Genotype_10805
3066.9284,ENV5,Genotype_10811
3602.307816,ENV5,Genotype_10813
3096.345541,ENV5,Genotype_10814
3859.977899,ENV5,Genotype_10815
4138.046256,ENV5,Genotype_10816
1650.888382,ENV5,Genotype_10823
2841.746262,ENV5,Genotype_10825
3403.451774,ENV5,Genotype_10826
3007.114123,ENV5,Genotype_10829
4068.652047,ENV5,Genotype_10835
3499.108878,ENV5,Genotype_10844
3293.549926,ENV5,Genotype_10847
2128.770994,ENV5,Genotype_10849
6346.304663,ENV5,Genotype_10850
1615.516304,ENV5,Genotype_10853
4360.721056,ENV5,Genotype_10854
3165.910107,ENV5,Genotype_10856
3396.732047,ENV5,Genotype_10869
3576.426335,ENV5,Genotype_10870
3267.955373,ENV5,Genotype_10874
2299.314202,ENV5,Genotype_10876
2861.170058,ENV5,Genotype_10881
2523.629543,ENV5,Genotype_10886
2287.151321,ENV5,Genotype_10895
3834.318914,ENV5,Genotype_10899
3157.18137,ENV5,Genotype_10902
1935.135658,ENV5,Genotype_10903
3725.498711,ENV5,Genotype_10904
3407.869376,ENV5,Genotype_10911
3087.793857,ENV5,Genotype_10912
2724.794896,ENV5,Genotype_10919
2088.297488,ENV5,Genotype_10923
2474.973601,ENV5,Genotype_10925
4669.886722,ENV5,Genotype_10928
2103.539933,ENV5,Genotype_10930
3551.868996,ENV5,Genotype_10932
3847.639279,ENV5,Genotype_10934
1490.763239,ENV5,Genotype_10936
4830.283114,ENV5,Genotype_10937
1225.674661,ENV5,Genotype_10941
3830.064692,ENV5,Genotype_10943
2411.869585,ENV5,Genotype_10947
675.0742727,ENV5,Genotype_10949
1754.467551,ENV5,Genotype_10955
3895.848079,ENV5,Genotype_10960
3561.761809,ENV5,Genotype_10961
2794.341085,ENV5,Genotype_10963
3822.211514,ENV5,Genotype_10965
2286.409884,ENV5,Genotype_10966
2531.081025,ENV5,Genotype_10970
2361.486398,ENV5,Genotype_10977
3423.852409,ENV5,Genotype_10980
3152.649265,ENV5,Genotype_10984
5085.969948,ENV5,Genotype_10985
5090.326929,ENV5,Genotype_10994
5920.050153,ENV5,Genotype_10996
4368.826188,ENV5,Genotype_11003
2273.048377,ENV3,Genotype_10162
1817.809797,ENV3,Genotype_10164
2112.118883,ENV3,Genotype_10169
3221.000705,ENV3,Genotype_10173
1910.227273,ENV3,Genotype_10175
1921.805023,ENV3,Genotype_10176
2619.614535,ENV3,Genotype_10178
2577.591298,ENV3,Genotype_10184
2695.946657,ENV3,Genotype_10186
2237.708433,ENV3,Genotype_10187
1797.963227,ENV3,Genotype_10195
2013.110466,ENV3,Genotype_10198
1895.247675,ENV3,Genotype_10200
3297.52907,ENV3,Genotype_10211
2318.168605,ENV3,Genotype_10220
1808.168605,ENV3,Genotype_10222
1967.439826,ENV3,Genotype_10224
3325.465117,ENV3,Genotype_10226
2314.611307,ENV3,Genotype_10228
3897.446803,ENV3,Genotype_10232
3152.293605,ENV3,Genotype_10240
3507.839938,ENV3,Genotype_10248
2618.572498,ENV3,Genotype_10251
2542.805233,ENV3,Genotype_10254
2837.638663,ENV3,Genotype_10262
2730.155669,ENV3,Genotype_10266
4005.065407,ENV3,Genotype_10269
3021.449003,ENV3,Genotype_10270
2450,ENV3,Genotype_10273
1665.024695,ENV3,Genotype_10274
2261.991279,ENV3,Genotype_10277
2264.288372,ENV3,Genotype_10279
2744.182413,ENV3,Genotype_10286
2377.740407,ENV3,Genotype_10288
2830.174419,ENV3,Genotype_10289
1976.495785,ENV3,Genotype_10290
2644.568169,ENV3,Genotype_10292
2348.74694,ENV3,Genotype_10295
3224.613465,ENV3,Genotype_10297
3349.585756,ENV3,Genotype_10298
2451.63473,ENV3,Genotype_10299
3498.45211,ENV3,Genotype_10302
2881.686047,ENV3,Genotype_10303
2736.627907,ENV3,Genotype_10306
1955.811047,ENV3,Genotype_10309
2045.962355,ENV3,Genotype_10311
2365.174419,ENV3,Genotype_10318
1542.616279,ENV3,Genotype_10321
2503.081396,ENV3,Genotype_10327
2260.78738,ENV3,Genotype_10328
2245.799419,ENV3,Genotype_10334
2777.375793,ENV3,Genotype_10337
3428.037791,ENV3,Genotype_10340
4100.015563,ENV3,Genotype_10346
1991.372509,ENV3,Genotype_10347
2439.650727,ENV3,Genotype_10352
2923.34128,ENV3,Genotype_10353
2080.487355,ENV3,Genotype_10354
3259.901308,ENV3,Genotype_10359
3336.164846,ENV3,Genotype_10361
1694.207122,ENV3,Genotype_10362
2177.695494,ENV3,Genotype_10363
2973.008721,ENV3,Genotype_10367
2664.200582,ENV3,Genotype_10370
2114.446647,ENV3,Genotype_10371
2480.947998,ENV3,Genotype_10372
2087.5,ENV3,Genotype_10374
2161.456396,ENV3,Genotype_10375
2511.627907,ENV3,Genotype_10382
2468.29782,ENV3,Genotype_10386
4646.270058,ENV3,Genotype_10388
2420.188954,ENV3,Genotype_10389
1979.252576,ENV3,Genotype_10390
2013.209303,ENV3,Genotype_10392
3115.072675,ENV3,Genotype_10395
4174.887936,ENV3,Genotype_10400
4170.690407,ENV3,Genotype_10401
2891.198401,ENV3,Genotype_10411
2734.390416,ENV3,Genotype_10413
1548.989099,ENV3,Genotype_10415
1920.347275,ENV3,Genotype_10416
3891.206396,ENV3,Genotype_10417
3202.034884,ENV3,Genotype_10419
2488.41524,ENV3,Genotype_10421
3089.248636,ENV3,Genotype_10424
1962.299209,ENV3,Genotype_10429
2141.68869,ENV3,Genotype_10430
2758.696221,ENV3,Genotype_10431
2249.883721,ENV3,Genotype_10432
2567.58721,ENV3,Genotype_10436
2414.200581,ENV3,Genotype_10439
4550.599128,ENV3,Genotype_10441
4042.877907,ENV3,Genotype_10444
1631.831396,ENV3,Genotype_10445
3504.069768,ENV3,Genotype_10448
2793.377379,ENV3,Genotype_10455
2185.408867,ENV3,Genotype_10456
2303.323937,ENV3,Genotype_10457
3292.786108,ENV3,Genotype_10461
2375.406383,ENV3,Genotype_10462
3383.725872,ENV3,Genotype_10463
2741.90407,ENV3,Genotype_10467
1808.320639,ENV3,Genotype_10471
3400.159884,ENV3,Genotype_10472
3221.296688,ENV3,Genotype_10473
2518.719609,ENV3,Genotype_10475
2717.402471,ENV3,Genotype_10478
3171.184593,ENV3,Genotype_10480
1515.527601,ENV3,Genotype_10483
4609.088128,ENV3,Genotype_10485
1649.031663,ENV3,Genotype_10488
3265.807413,ENV3,Genotype_10489
3782.107558,ENV3,Genotype_10493
4098.343024,ENV3,Genotype_10496
1779.796512,ENV3,Genotype_10499
2552.817733,ENV3,Genotype_10500
2788.081396,ENV3,Genotype_10503
2306.627907,ENV3,Genotype_10508
2807.151163,ENV3,Genotype_10515
2827.788055,ENV3,Genotype_10516
3238.982558,ENV3,Genotype_10530
2601.941831,ENV3,Genotype_10531
2570.754514,ENV3,Genotype_10545
1996.669913,ENV3,Genotype_10555
2121.547384,ENV3,Genotype_10560
1727.784157,ENV3,Genotype_10568
2803.81504,ENV3,Genotype_10578
2906.744186,ENV3,Genotype_10582
3635.778198,ENV3,Genotype_10587
2299.375,ENV3,Genotype_10588
1698.883721,ENV3,Genotype_10589
2303.867894,ENV3,Genotype_10590
3374.812936,ENV3,Genotype_10592
2712.485465,ENV3,Genotype_10594
3211.382891,ENV3,Genotype_10595
4829.287791,ENV3,Genotype_10596
3118.386628,ENV3,Genotype_10598
3107.403101,ENV3,Genotype_10605
1910.276163,ENV3,Genotype_10610
2295.900576,ENV3,Genotype_10611
2720.068896,ENV3,Genotype_10615
3751.024709,ENV3,Genotype_10626
2458.480523,ENV3,Genotype_10629
2067.042812,ENV3,Genotype_10630
2084.795058,ENV3,Genotype_10633
2585.218024,ENV3,Genotype_10634
2799.496345,ENV3,Genotype_10639
4305.566861,ENV3,Genotype_10647
4829.555295,ENV3,Genotype_10654
3004.796512,ENV3,Genotype_10659
3298.284884,ENV3,Genotype_10667
1849.372211,ENV3,Genotype_10673
2187.977575,ENV3,Genotype_10674
2524.783757,ENV3,Genotype_10683
1609.981819,ENV3,Genotype_10684
2115.669768,ENV3,Genotype_10685
3358.997093,ENV3,Genotype_10690
2318.995053,ENV3,Genotype_10695
2794.620058,ENV3,Genotype_10697
3235.882047,ENV3,Genotype_10701
4770.915698,ENV3,Genotype_10704
4560.05814,ENV3,Genotype_10705
3932.414553,ENV3,Genotype_10706
4177.729412,ENV3,Genotype_10707
4045.459391,ENV3,Genotype_10714
1429.310826,ENV3,Genotype_10717
1352.637421,ENV3,Genotype_10719
1992.956977,ENV3,Genotype_10720
3152.97282,ENV3,Genotype_10721
2446.002907,ENV3,Genotype_10725
4669.475872,ENV3,Genotype_10736
2028.850423,ENV3,Genotype_10738
3217.207688,ENV3,Genotype_10742
3320.991015,ENV3,Genotype_10743
3497.264799,ENV3,Genotype_10748
2036.319412,ENV3,Genotype_10752
1976.842764,ENV3,Genotype_10755
1761.23721,ENV3,Genotype_10757
4591.626109,ENV3,Genotype_10760
2963.214265,ENV3,Genotype_10762
2267.289826,ENV3,Genotype_10766
1959.360466,ENV3,Genotype_10767
2279.793366,ENV3,Genotype_10770
2640.566861,ENV3,Genotype_10775
2751.992091,ENV3,Genotype_10782
1919.359302,ENV3,Genotype_10785
3617.965117,ENV3,Genotype_10786
2199.388227,ENV3,Genotype_10787
2881.062936,ENV3,Genotype_10793
1992.144477,ENV3,Genotype_10794
2065.555378,ENV3,Genotype_10795
3612.950582,ENV3,Genotype_10796
2510.05814,ENV3,Genotype_10799
3441.922173,ENV3,Genotype_10801
1688.793605,ENV3,Genotype_10805
4366.738193,ENV3,Genotype_10811
2162.624795,ENV3,Genotype_10813
2957.935465,ENV3,Genotype_10814
3765.544084,ENV3,Genotype_10815
3694.701454,ENV3,Genotype_10816
2469.738372,ENV3,Genotype_10823
2058.008721,ENV3,Genotype_10825
3661.84593,ENV3,Genotype_10826
3692.115927,ENV3,Genotype_10829
2785.944768,ENV3,Genotype_10835
2294.491279,ENV3,Genotype_10844
3407.376454,ENV3,Genotype_10847
4386.640405,ENV3,Genotype_10849
1937.311047,ENV3,Genotype_10850
2375.543957,ENV3,Genotype_10853
3471.757413,ENV3,Genotype_10854
2149.308258,ENV3,Genotype_10856
3391.58485,ENV3,Genotype_10869
3081.08982,ENV3,Genotype_10870
3009.690407,ENV3,Genotype_10874
1466.778198,ENV3,Genotype_10876
2540.67172,ENV3,Genotype_10881
3275.145349,ENV3,Genotype_10886
2207.796367,ENV3,Genotype_10895
2328.094041,ENV3,Genotype_10899
2293.19564,ENV3,Genotype_10902
3831.031977,ENV3,Genotype_10903
2807.875873,ENV3,Genotype_10904
2130.659796,ENV3,Genotype_10911
3590.08721,ENV3,Genotype_10912
1701.858576,ENV3,Genotype_10919
1898.810029,ENV3,Genotype_10923
2653.081395,ENV3,Genotype_10925
4691.133721,ENV3,Genotype_10928
3366.847675,ENV3,Genotype_10930
3097.024206,ENV3,Genotype_10932
2454.92358,ENV3,Genotype_10934
2756.395349,ENV3,Genotype_10936
2689.505814,ENV3,Genotype_10937
3931.119516,ENV3,Genotype_10941
3680.261922,ENV3,Genotype_10943
2268.1375,ENV3,Genotype_10947
2797.469768,ENV3,Genotype_10949
2866.569768,ENV3,Genotype_10955
3347.468024,ENV3,Genotype_10960
1804.433287,ENV3,Genotype_10961
2642.427326,ENV3,Genotype_10963
2786.282122,ENV3,Genotype_10965
2048.755502,ENV3,Genotype_10966
2801.711774,ENV3,Genotype_10970
3426.96221,ENV3,Genotype_10977
2206.402035,ENV3,Genotype_10980
2078.598111,ENV3,Genotype_10984
2950.071076,ENV3,Genotype_10985
1731.813553,ENV3,Genotype_10994
3581.642442,ENV3,Genotype_10996
2145.022544,ENV3,Genotype_11003
1430.369866,ENV4,Genotype_10162
3764.292635,ENV4,Genotype_10164
3008.902616,ENV4,Genotype_10169
2463.944573,ENV4,Genotype_10173
1881.436788,ENV4,Genotype_10175
1579.098837,ENV4,Genotype_10176
2223.808139,ENV4,Genotype_10178
2054.300343,ENV4,Genotype_10184
2498.327754,ENV4,Genotype_10186
2727.41738,ENV4,Genotype_10187
2080.86346,ENV4,Genotype_10195
2109.946356,ENV4,Genotype_10198
3056.598837,ENV4,Genotype_10200
3903.878144,ENV4,Genotype_10211
3025.193798,ENV4,Genotype_10220
1831.366279,ENV4,Genotype_10222
2290.837528,ENV4,Genotype_10224
4977.419544,ENV4,Genotype_10226
3086.46091,ENV4,Genotype_10228
2286.075908,ENV4,Genotype_10232
3209.360465,ENV4,Genotype_10240
3837.345274,ENV4,Genotype_10248
2684.558227,ENV4,Genotype_10251
3875.213619,ENV4,Genotype_10254
3005.112126,ENV4,Genotype_10262
1737.006113,ENV4,Genotype_10266
4160.673944,ENV4,Genotype_10269
3769.597219,ENV4,Genotype_10270
4003.467608,ENV4,Genotype_10273
2232.122093,ENV4,Genotype_10274
4064.868296,ENV4,Genotype_10277
4283.459302,ENV4,Genotype_10279
1531.843635,ENV4,Genotype_10286
2030.683139,ENV4,Genotype_10288
4030.66033,ENV4,Genotype_10289
1741.391196,ENV4,Genotype_10290
3793.604651,ENV4,Genotype_10292
2216.758721,ENV4,Genotype_10295
3013.882297,ENV4,Genotype_10297
1690.552325,ENV4,Genotype_10298
1636.124031,ENV4,Genotype_10299
1830,ENV4,Genotype_10302
4666.73588,ENV4,Genotype_10303
3952.700552,ENV4,Genotype_10306
3569.54747,ENV4,Genotype_10309
2851.834691,ENV4,Genotype_10311
1935.250918,ENV4,Genotype_10318
2199.506695,ENV4,Genotype_10321
2974.041398,ENV4,Genotype_10327
3612.558139,ENV4,Genotype_10328
3263.197674,ENV4,Genotype_10334
2380.683139,ENV4,Genotype_10337
2324.680232,ENV4,Genotype_10340
4237.100291,ENV4,Genotype_10346
3260.488607,ENV4,Genotype_10347
3624.792254,ENV4,Genotype_10352
3816.508068,ENV4,Genotype_10353
2686.046511,ENV4,Genotype_10354
2128.430232,ENV4,Genotype_10359
3663.09995,ENV4,Genotype_10361
2265.157807,ENV4,Genotype_10362
2468.22698,ENV4,Genotype_10363
2380.523256,ENV4,Genotype_10367
2350.584038,ENV4,Genotype_10370
2777.120894,ENV4,Genotype_10371
3105.135659,ENV4,Genotype_10372
3277.383721,ENV4,Genotype_10374
2280.082114,ENV4,Genotype_10375
2508.72093,ENV4,Genotype_10382
2690.388246,ENV4,Genotype_10386
3373.313953,ENV4,Genotype_10388
3082.742763,ENV4,Genotype_10389
2393.955861,ENV4,Genotype_10390
3837.128553,ENV4,Genotype_10392
2141.773256,ENV4,Genotype_10395
2761.46817,ENV4,Genotype_10400
3259.534883,ENV4,Genotype_10401
2769.752907,ENV4,Genotype_10411
3426.600036,ENV4,Genotype_10413
1371.143806,ENV4,Genotype_10415
2549.480303,ENV4,Genotype_10416
2808.313953,ENV4,Genotype_10417
3397.918135,ENV4,Genotype_10419
2911.128876,ENV4,Genotype_10421
3416.901574,ENV4,Genotype_10424
2558.245518,ENV4,Genotype_10429
2338.410559,ENV4,Genotype_10430
4105.212004,ENV4,Genotype_10431
2116.293604,ENV4,Genotype_10432
2449.704338,ENV4,Genotype_10436
1870.336849,ENV4,Genotype_10439
2323.330691,ENV4,Genotype_10441
3460.560254,ENV4,Genotype_10444
3351.860621,ENV4,Genotype_10445
4584.431656,ENV4,Genotype_10448
2792.906977,ENV4,Genotype_10455
2291.133721,ENV4,Genotype_10456
4436.511628,ENV4,Genotype_10457
2544.931842,ENV4,Genotype_10461
2666.521024,ENV4,Genotype_10462
3192.718023,ENV4,Genotype_10463
3767.267442,ENV4,Genotype_10467
2947.973925,ENV4,Genotype_10471
3600.892507,ENV4,Genotype_10472
3640.017682,ENV4,Genotype_10473
3423.233791,ENV4,Genotype_10475
3745.195182,ENV4,Genotype_10478
2830.246796,ENV4,Genotype_10480
2742.928544,ENV4,Genotype_10483
2624.04485,ENV4,Genotype_10485
1769.555862,ENV4,Genotype_10488
2225.588442,ENV4,Genotype_10489
2642.289244,ENV4,Genotype_10493
3215.707364,ENV4,Genotype_10496
2402.943696,ENV4,Genotype_10499
3594.111077,ENV4,Genotype_10500
2571.031977,ENV4,Genotype_10503
2282.936046,ENV4,Genotype_10508
3609.593023,ENV4,Genotype_10515
4224.418605,ENV4,Genotype_10516
2380.197322,ENV4,Genotype_10530
3147.351091,ENV4,Genotype_10531
3537.296511,ENV4,Genotype_10545
2279.192904,ENV4,Genotype_10555
3025.22463,ENV4,Genotype_10560
1796.206395,ENV4,Genotype_10568
2776.033591,ENV4,Genotype_10578
4035.988372,ENV4,Genotype_10582
3585.697674,ENV4,Genotype_10587
1748.207264,ENV4,Genotype_10588
1758.372093,ENV4,Genotype_10589
2448.922132,ENV4,Genotype_10590
3628.621388,ENV4,Genotype_10592
2780.843023,ENV4,Genotype_10594
3024.127907,ENV4,Genotype_10595
1916.947674,ENV4,Genotype_10596
2142.22354,ENV4,Genotype_10598
3202.545219,ENV4,Genotype_10605
3784.127907,ENV4,Genotype_10610
1915.277044,ENV4,Genotype_10611
2434.188444,ENV4,Genotype_10615
3878.866279,ENV4,Genotype_10626
2243.968023,ENV4,Genotype_10629
3262.94926,ENV4,Genotype_10630
1958.8369,ENV4,Genotype_10633
3295.741279,ENV4,Genotype_10634
3624.208363,ENV4,Genotype_10639
3189.088048,ENV4,Genotype_10647
3535.752877,ENV4,Genotype_10654
3040.261628,ENV4,Genotype_10659
2883.459302,ENV4,Genotype_10667
1797.935753,ENV4,Genotype_10673
2091.58132,ENV4,Genotype_10674
2907.294732,ENV4,Genotype_10683
2575.22102,ENV4,Genotype_10684
2602.630814,ENV4,Genotype_10685
2605.988372,ENV4,Genotype_10690
2618.79421,ENV4,Genotype_10695
4107.47093,ENV4,Genotype_10697
2737.703488,ENV4,Genotype_10701
4098.160126,ENV4,Genotype_10704
2999.967783,ENV4,Genotype_10705
2416.040998,ENV4,Genotype_10706
2101.773256,ENV4,Genotype_10707
2171.028967,ENV4,Genotype_10714
3164.268926,ENV4,Genotype_10717
1944.186046,ENV4,Genotype_10719
2046.024709,ENV4,Genotype_10720
2724.476744,ENV4,Genotype_10721
4017.284053,ENV4,Genotype_10725
2680.519103,ENV4,Genotype_10736
2251.729651,ENV4,Genotype_10738
2076.773255,ENV4,Genotype_10742
2688.330675,ENV4,Genotype_10743
3955.058139,ENV4,Genotype_10748
3011.627907,ENV4,Genotype_10752
3224.036107,ENV4,Genotype_10755
2842.955133,ENV4,Genotype_10757
2376.22093,ENV4,Genotype_10760
1478.72093,ENV4,Genotype_10762
2513.488372,ENV4,Genotype_10766
3022.977228,ENV4,Genotype_10767
1535.465116,ENV4,Genotype_10770
2853.952941,ENV4,Genotype_10775
2762.790697,ENV4,Genotype_10782
2586.831395,ENV4,Genotype_10785
2858.032748,ENV4,Genotype_10786
3446.681642,ENV4,Genotype_10787
2821.907895,ENV4,Genotype_10793
3440.851573,ENV4,Genotype_10794
1638.202519,ENV4,Genotype_10795
2467.571059,ENV4,Genotype_10796
4573.871409,ENV4,Genotype_10799
3708.938953,ENV4,Genotype_10801
2967.44186,ENV4,Genotype_10805
2414.031528,ENV4,Genotype_10811
2154.186046,ENV4,Genotype_10813
2915.659355,ENV4,Genotype_10814
3303.837209,ENV4,Genotype_10815
2834.964683,ENV4,Genotype_10816
2741.918604,ENV4,Genotype_10823
4341.252642,ENV4,Genotype_10825
2134.335548,ENV4,Genotype_10826
4336.302238,ENV4,Genotype_10829
3347.469744,ENV4,Genotype_10835
2335.465116,ENV4,Genotype_10844
3694.45705,ENV4,Genotype_10847
2527.972908,ENV4,Genotype_10849
2853.670058,ENV4,Genotype_10850
3680.572035,ENV4,Genotype_10853
4311.569767,ENV4,Genotype_10854
2006.25,ENV4,Genotype_10856
1934.221869,ENV4,Genotype_10869
1937.465542,ENV4,Genotype_10870
2393.372093,ENV4,Genotype_10874
3323.87362,ENV4,Genotype_10876
2423.599193,ENV4,Genotype_10881
1980.494186,ENV4,Genotype_10886
3852.066415,ENV4,Genotype_10895
1984.937114,ENV4,Genotype_10899
2607.936927,ENV4,Genotype_10902
2852.774841,ENV4,Genotype_10903
4303.889632,ENV4,Genotype_10904
2792.305596,ENV4,Genotype_10911
2865.812767,ENV4,Genotype_10912
2673.006051,ENV4,Genotype_10919
3378.719743,ENV4,Genotype_10923
1918.780256,ENV4,Genotype_10925
3018.078335,ENV4,Genotype_10928
2982.354651,ENV4,Genotype_10930
3032.44186,ENV4,Genotype_10932
3159.884907,ENV4,Genotype_10934
3237.063953,ENV4,Genotype_10936
3282.058374,ENV4,Genotype_10937
3914.830376,ENV4,Genotype_10941
2165.436046,ENV4,Genotype_10943
2671.669738,ENV4,Genotype_10947
2081.627026,ENV4,Genotype_10949
2713.908709,ENV4,Genotype_10955
1593.241279,ENV4,Genotype_10960
2787.906976,ENV4,Genotype_10961
2408.309108,ENV4,Genotype_10963
2055.610465,ENV4,Genotype_10965
3172.703488,ENV4,Genotype_10966
2543.930351,ENV4,Genotype_10970
1728.998576,ENV4,Genotype_10977
2781.453488,ENV4,Genotype_10980
1986.370474,ENV4,Genotype_10984
2472.5,ENV4,Genotype_10985
2086.627907,ENV4,Genotype_10994
2645.510923,ENV4,Genotype_10996
2216.526313,ENV4,Genotype_11003