"","Genotype","GEBVs","r2"
"1","Genotype_10996",2787.27300475689,0.483040060298864
"2","Genotype_10419",2784.87683381629,0.410632989054078
"3","Genotype_10226",2781.54020556792,0.311366747447315
"4","Genotype_10346",2781.52232476265,0.368574383256422
"5","Genotype_10725",2779.26191056448,0.492228090090002
"6","Genotype_10937",2777.86590790863,0.354306016156245
"7","Genotype_10654",2775.06437040707,0.474753890068269
"8","Genotype_10554",2774.57242879002,0.400459000457471
"9","Genotype_10269",2770.96623774726,0.135209621858237
"10","Genotype_10431",2770.82134514802,0.324768361154486
"11","Genotype_10904",2764.60190681554,0.479176056791488
"12","Genotype_10334",2763.88877815167,0.34318360457807
"13","Genotype_10530",2762.53183956202,0.390769579040332
"14","Genotype_10642",2762.37003883199,0.358721798080729
"15","Genotype_10860",2754.92790909713,0.256292053799351
"16","Genotype_10734",2752.23384241682,0.24820059636741
"17","Genotype_10401",2746.32208885472,0.412589773032801
"18","Genotype_10392",2745.54647808209,0.296898885185355
"19","Genotype_10858",2735.5355916323,0.249890891287711
"20","Genotype_10368",2734.87318892369,0.333423210981305
"21","Genotype_10854",2734.8610741291,0.475429804266181
"22","Genotype_10829",2734.06529752748,0.312601465767548
"23","Genotype_10211",2732.64802791354,0.416643780387605
"24","Genotype_10592",2721.02422309298,0.289459064031877
"25","Genotype_10791",2717.6605173231,0.233957482835817
"26","Genotype_10667",2716.68466716217,0.344784673002349
"27","Genotype_10912",2710.27849843641,0.0130428178682858
"28","Genotype_10199",2704.74736938284,0.206874315889825
"29","Genotype_10279",2701.46257591542,0.432464740585195
"30","Genotype_10361",2699.96258518202,0.477107016168176
"31","Genotype_10573",2697.18070318444,0.311062250297841
"32","Genotype_10543",2692.94077877011,0.436972622543152
"33","Genotype_10236",2692.52213285901,0.333272459390199
"34","Genotype_10471",2690.09954910542,0.14073308694776
"35","Genotype_10237",2682.2179820534,0.355880342941933
"36","Genotype_10705",2678.1437501756,0.549201667216049
"37","Genotype_10660",2676.73066907635,0.374907762107811
"38","Genotype_10240",2674.75766288769,0.38251494692364
"39","Genotype_10307",2674.54530375366,0.352121262406859
"40","Genotype_10976",2673.40784497019,-0.0662195101377963
"41","Genotype_10463",2671.94028434356,0.456765215041669
"42","Genotype_10372",2666.80393637961,0.461274691319653
"43","Genotype_10690",2665.17334813291,0.403217101156291
"44","Genotype_10721",2660.21168621555,0.505795776333618
"45","Genotype_10485",2657.8973966587,0.0709213838678023
"46","Genotype_10894",2657.80268925481,0.406108674310131
"47","Genotype_10482",2654.26916916423,0.310531085043865
"48","Genotype_10819",2653.36560096307,0.359840035717963
"49","Genotype_10884",2646.70234399176,0.313469468958914
"50","Genotype_10516",2642.57245601904,0.386409194660583
"51","Genotype_10669",2633.68150611052,0.260355263507029
"52","Genotype_10184",2624.01212706879,0.296230025921285
"53","Genotype_10339",2623.34449353698,-0.0748961991024748
"54","Genotype_10201",2614.31466140378,0.230813388858811
"55","Genotype_10246",2596.4110494823,-0.128463384297584
"56","Genotype_10934",2584.02427070286,0.108981494382612
"57","Genotype_10244",2583.79977285559,-0.255642022819504
"58","Genotype_10620",2572.24632518175,0.192806332512135
"59","Genotype_10480",2571.19121088695,0.30479098284798
"60","Genotype_10850",2565.68282936869,0.29620928836599
"61","Genotype_10410",2563.40034114544,-0.153795546701623
"62","Genotype_10513",2563.20734175673,-0.0816868500744328
"63","Genotype_10457",2558.74632989891,0.147275748634231
"64","Genotype_10928",2551.19440064595,0.316209995040032
"65","Genotype_10785",2548.70671843662,0.276528328512303
"66","Genotype_10478",2544.12214972952,0.252903571921107
"67","Genotype_10534",2540.70486530201,-0.211285041796319
"68","Genotype_10935",2538.9825229451,-0.134080597880787
"69","Genotype_10892",2537.04123272324,0.242210424465346
"70","Genotype_10713",2535.11329720051,-0.0728658988611801
"71","Genotype_10888",2534.43261009307,-0.09847764191613
"72","Genotype_10685",2533.85324815731,-0.0942187119889026
"73","Genotype_10508",2528.33519537939,0.258428382884728
"74","Genotype_10374",2523.50514203209,0.268538783510293
"75","Genotype_10260",2518.94758562036,0.00768515078184151
"76","Genotype_10686",2517.25000730756,-0.168035794219952
"77","Genotype_10775",2516.29467687315,0.0472056828633616
"78","Genotype_10190",2512.32785338243,-0.0303849776359844
"79","Genotype_10332",2507.98717974539,-0.0409604220776325
"80","Genotype_10613",2507.73618433026,-0.0489893805257862
"81","Genotype_10616",2506.58806329036,-0.0334845191922355
"82","Genotype_10784",2506.20754005829,0.219106998945102
"83","Genotype_10815",2505.62910967882,0.276033500991867
"84","Genotype_10804",2504.43697826596,-0.332125604925562
"85","Genotype_10255",2502.77178808746,0.154062247766896
"86","Genotype_10988",2502.54855566765,-0.00739891253177727
"87","Genotype_10645",2502.13939847021,-0.159119215546459
"88","Genotype_10656",2499.75940414228,-0.272717868142219
"89","Genotype_10323",2498.38656000668,-0.233981812920749
"90","Genotype_10579",2498.05205519443,-0.0707853174829676
"91","Genotype_10915",2498.01641498475,-0.300976498021311
"92","Genotype_10589",2493.60691170366,0.163120310903786
"93","Genotype_10529",2493.48882733564,0.00423823251713595
"94","Genotype_10567",2492.88066056853,-0.0256014307905292
"95","Genotype_10994",2491.26493658792,0.206170485692442
"96","Genotype_10694",2490.75183924562,-0.309564072218229
"97","Genotype_10688",2489.31166434774,-0.136650548258566
"98","Genotype_10747",2487.64651334138,0.154834192066082
"99","Genotype_10746",2487.54088415791,-0.345224531493846
"100","Genotype_10674",2485.06430480578,-0.177674977643381
"101","Genotype_10640",2481.58842059101,-0.159248562035831
"102","Genotype_10551",2481.38527978206,0.123417638688971
"103","Genotype_10273",2480.86615694655,-0.174803341256285
"104","Genotype_10460",2479.5552913066,-0.443259927557831
"105","Genotype_10956",2479.19712293078,0.0878653439514613
"106","Genotype_10630",2478.69737069794,0.0241838325261673
"107","Genotype_10789",2476.59100723327,-0.135197063664866
"108","Genotype_10735",2474.41958759319,-0.239541825233794
"109","Genotype_10972",2474.0313691742,-0.216998581815485
"110","Genotype_10257",2473.46633842503,-0.194970505087488
"111","Genotype_10164",2472.36800442968,0.208536017757602
"112","Genotype_10185",2471.77412558346,0.150278745624636
"113","Genotype_10512",2470.57229001793,0.00906423321482952
"114","Genotype_10648",2469.36442459569,-0.759402444154627
"115","Genotype_10866",2467.41985363181,-0.87585302749325
"116","Genotype_10731",2466.50978994554,-0.233827766475333
"117","Genotype_10893",2465.0859194157,0.179273853397681
"118","Genotype_10456",2464.73260911036,0.130381336058985
"119","Genotype_10186",2463.90084920506,0.228924264459796
"120","Genotype_10395",2462.46013681788,0.191296917232982
"121","Genotype_10350",2462.4435280398,-0.19444583740908
"122","Genotype_10679",2461.3014827726,0.158974932569302
"123","Genotype_10317",2457.82626137386,-0.716973730665914
"124","Genotype_10475",2457.77523158681,0.188098748269903
"125","Genotype_10352",2456.72692404027,0.181748177942047
"126","Genotype_10363",2454.86732852586,0.155649939420435
"127","Genotype_10499",2453.5773919813,-0.0487208545478834
"128","Genotype_10657",2453.17147147985,-0.295540711205289
"129","Genotype_10835",2452.76219800147,-0.120941123432379
"130","Genotype_10985",2452.29700260663,-0.0385948993527063
"131","Genotype_10328",2452.14334109297,0.271093348403776
"132","Genotype_10864",2451.56267942281,0.0785138830522244
"133","Genotype_10802",2449.74433710892,-0.279233982210078
"134","Genotype_11001",2449.52154346109,-0.603160347662604
"135","Genotype_10306",2448.42749771643,0.138095443233562
"136","Genotype_10444",2446.5905534122,0.0932443036708166
"137","Genotype_10939",2446.21039343105,-0.272021022114324
"138","Genotype_10200",2445.85204966178,0.206988712169968
"139","Genotype_10826",2445.81667447562,-0.0932538992062599
"140","Genotype_10340",2445.69277389893,-0.0113500287456578
"141","Genotype_10329",2443.86812135158,-0.23236965622422
"142","Genotype_10695",2443.70852111099,0.047891844919356
"143","Genotype_10335",2443.10318463823,0.189597382287569
"144","Genotype_10387",2443.04222339927,-0.254846976914122
"145","Genotype_10314",2442.18081941078,-0.131172653390271
"146","Genotype_10412",2441.16654754117,-0.327465005203116
"147","Genotype_10924",2440.70797027154,-0.31290846303917
"148","Genotype_10745",2440.62582896837,0.149088058382156
"149","Genotype_10891",2440.18809181273,-0.462610526068873
"150","Genotype_10678",2438.99616913475,-0.118644635421788
"151","Genotype_10204",2438.11976506906,-0.310504911352463
"152","Genotype_10206",2438.08470998149,0.149196626279063
"153","Genotype_10983",2434.5245093528,-0.329270902086003
"154","Genotype_10355",2433.47597116812,-0.287955533394767
"155","Genotype_10572",2428.44576125972,-0.569934431902054
"156","Genotype_10441",2427.11130370822,-0.17294590754509
"157","Genotype_10515",2425.21788558665,0.0989316493283886
"158","Genotype_10918",2423.16760040918,-0.48062098868827
"159","Genotype_10953",2422.64197037268,-0.444317344985137
"160","Genotype_10218",2421.66799994456,-0.316736938952941
"161","Genotype_10360",2421.48675417508,-1.02348991446968
"162","Genotype_10467",2421.20921832429,-0.146200536978097
"163","Genotype_10816",2420.5716755158,-0.139793988360617
"164","Genotype_10595",2420.32391110327,0.63209998204104
"165","Genotype_10812",2419.16314763881,-0.177945114363043
"166","Genotype_10587",2418.87507095895,-0.247271933878559
"167","Genotype_10248",2417.01647246604,-0.123934422943664
"168","Genotype_10203",2416.45604230634,0.00704521174056272
"169","Genotype_10455",2416.1325903152,-0.167737833789595
"170","Genotype_10754",2414.82232301464,-0.681360418512628
"171","Genotype_10202",2414.19295123038,-0.359530737682384
"172","Genotype_10486",2414.14214004246,-0.362494481552218
"173","Genotype_10353",2413.90249716652,-0.169245977905672
"174","Genotype_10487",2413.42162926637,0.0476724301634005
"175","Genotype_10787",2412.57968945787,-0.162705228262451
"176","Genotype_10289",2411.73291406634,0.0537615705798723
"177","Genotype_10261",2411.67244969902,-0.289653807927648
"178","Genotype_10842",2410.63287159684,-0.326403708734076
"179","Genotype_10449",2409.98405825782,-0.73947704741045
"180","Genotype_10646",2409.20690204979,-0.266317482914887
"181","Genotype_10396",2407.22920824326,-0.635964933157567
"182","Genotype_10271",2406.50076396091,-0.684311589721951
"183","Genotype_10825",2405.79366436964,0.0509621427175566
"184","Genotype_10545",2405.32792126916,0.0248361170983464
"185","Genotype_10221",2405.32434923051,-0.292149174705316
"186","Genotype_10331",2405.25834327925,-0.0722017906344223
"187","Genotype_10359",2404.3453751372,-0.134945129876946
"188","Genotype_10525",2403.65434224114,-0.046962609130039
"189","Genotype_10394",2402.63342586568,-0.222174815976409
"190","Genotype_10406",2401.19197092909,-0.295362251238313
"191","Genotype_10533",2400.59160467353,-0.174250496322249
"192","Genotype_10671",2400.40927085562,-0.25410591290912
"193","Genotype_10663",2400.04530790779,-0.638355590813534
"194","Genotype_10847",2399.96222630915,-0.113204380563771
"195","Genotype_10188",2399.87336905962,-0.625913471764707
"196","Genotype_10404",2399.34741049385,-0.614786116269377
"197","Genotype_10811",2399.27060240092,-0.41011633441615
"198","Genotype_10931",2399.24437322044,-0.525550483469753
"199","Genotype_10230",2398.79458512468,-0.173115129841814
"200","Genotype_10493",2398.78377301577,-0.101202592671978
"201","Genotype_10845",2398.19094050924,-0.255320960511698
"202","Genotype_10570",2397.80259956978,-0.271316344679644
"203","Genotype_10675",2397.51462166101,-0.374757927395819
"204","Genotype_10407",2396.50820050442,0.576166304008665
"205","Genotype_10971",2396.32601224597,0.608027167612087
"206","Genotype_10498",2396.29828457568,-0.573039471882646
"207","Genotype_10194",2395.91526023513,-0.374610551791767
"208","Genotype_10245",2393.98087572805,-0.5903504272812
"209","Genotype_10213",2393.936359325,-0.286478009260646
"210","Genotype_10400",2393.69981799973,-0.0395017877287949
"211","Genotype_10848",2393.14304781507,0.00103928009104359
"212","Genotype_10617",2392.55300477575,-0.657950363349711
"213","Genotype_10241",2392.21045326861,-0.604552662939698
"214","Genotype_10224",2392.19912930134,-0.08037021323879
"215","Genotype_10284",2392.12326391598,-0.284635113981931
"216","Genotype_10998",2392.11510488399,-0.284732879632321
"217","Genotype_10502",2392.0008241058,-0.485934957272222
"218","Genotype_11003",2391.52004781402,-0.0418091167947392
"219","Genotype_10597",2391.11360159447,-0.312439342980382
"220","Genotype_10547",2391.07733247268,-0.659033381539918
"221","Genotype_10997",2390.20762390427,-0.457717763104168
"222","Genotype_10623",2390.18780460831,-0.340831870042645
"223","Genotype_10632",2389.29744846892,-0.256583546687685
"224","Genotype_10889",2389.02999382529,0.0210665545518655
"225","Genotype_10796",2388.34870150647,-0.0661242894591656
"226","Genotype_10886",2388.29071401328,0.0838077920711848
"227","Genotype_10913",2387.73137205039,-0.515204611844803
"228","Genotype_10903",2387.28554151812,-0.0391408864337857
"229","Genotype_10472",2386.98733303014,-0.0708919662485137
"230","Genotype_10905",2386.05059651622,-0.564729603304668
"231","Genotype_10209",2385.64082199335,-0.170970614676528
"232","Genotype_10282",2384.99095112934,-0.65452145477923
"233","Genotype_10861",2383.96569893369,-0.379678527883983
"234","Genotype_10379",2383.9261723328,-0.480593835113781
"235","Genotype_10522",2383.69656714186,-0.281461253724557
"236","Genotype_10489",2383.49202452373,0.032395699875711
"237","Genotype_10876",2383.22994491601,0.152493039024692
"238","Genotype_10174",2382.28220629576,0.0463933414011346
"239","Genotype_10278",2382.21869933693,-0.425360920690122
"240","Genotype_10626",2381.48573846289,-0.20355772491016
"241","Genotype_10777",2380.90434219,-0.324118792293867
"242","Genotype_10895",2380.87992528504,0.232821166229762
"243","Genotype_10436",2380.85065320099,-0.264009420714229
"244","Genotype_10333",2379.83953875608,-0.434576402083737
"245","Genotype_10662",2378.67187255338,-0.429531422480712
"246","Genotype_10958",2378.59744160958,-0.366327246436082
"247","Genotype_10761",2378.14692784531,-0.763727902306496
"248","Genotype_10704",2378.09541629664,-0.332665533955709
"249","Genotype_10839",2378.06200414789,-0.340668857434473
"250","Genotype_10447",2378.01328497611,-0.0147327110403321
"251","Genotype_10192",2377.73827482263,-0.178636291194995
"252","Genotype_10223",2377.48993075552,-0.4821235567337
"253","Genotype_10569",2377.41194708315,-0.308657813587947
"254","Genotype_10582",2376.2417743239,-0.194641090788828
"255","Genotype_10760",2375.8856888253,-0.19139340650604
"256","Genotype_10605",2375.81085807883,-0.532977058961659
"257","Genotype_10606",2375.42080713223,-0.665250094603945
"258","Genotype_10270",2375.30651046724,-0.271993117809139
"259","Genotype_10795",2375.01269331658,-0.180985108349236
"260","Genotype_10980",2374.98757515011,-0.158025834238808
"261","Genotype_10687",2374.0452550683,-0.537842394813649
"262","Genotype_10908",2373.86150730542,-0.244219910340511
"263","Genotype_10944",2373.79277622801,-0.704572847851083
"264","Genotype_10870",2373.49255613567,-0.21988296023085
"265","Genotype_10504",2373.47434395889,-0.531779742384233
"266","Genotype_10330",2373.15549892351,-0.39976078383789
"267","Genotype_10612",2372.43397985247,-0.607096619562022
"268","Genotype_10212",2371.64451073865,-0.60783989249912
"269","Genotype_10265",2370.36664722371,-0.134287341580174
"270","Genotype_10351",2370.13012751313,-0.631684273605742
"271","Genotype_10386",2369.9231426141,-0.0419481988800465
"272","Genotype_10867",2369.79735458861,-0.189012710636281
"273","Genotype_10383",2369.15412925001,-0.701303995080822
"274","Genotype_10540",2369.1447190561,-0.640270613189513
"275","Genotype_10165",2369.09076687236,-0.280601271315058
"276","Genotype_10797",2369.05804456399,-0.617164472888323
"277","Genotype_10523",2368.87600226479,-0.504067144410726
"278","Genotype_10418",2368.65867134011,-0.241500755234214
"279","Genotype_10389",2368.31324575886,-0.0909856011598604
"280","Genotype_10822",2367.80333384315,-0.431663084287306
"281","Genotype_10272",2367.13360929825,0.132998523205951
"282","Genotype_10902",2366.78753546528,-0.139816336165096
"283","Genotype_10506",2366.27003452456,-0.561900240226556
"284","Genotype_10844",2364.51975232971,-0.0227752573406128
"285","Genotype_10618",2364.44183995464,-0.781195356457324
"286","Genotype_10782",2364.28466805674,0.0122364610388693
"287","Genotype_10594",2363.28440629777,-0.211536068309227
"288","Genotype_10696",2362.30786106319,-0.367318624146433
"289","Genotype_10644",2362.28540508903,-0.552743993855107
"290","Genotype_10817",2362.19048849226,-0.416056524650785
"291","Genotype_10384",2361.48938093531,-0.66566980946126
"292","Genotype_10873",2360.1546772636,-0.42231457270353
"293","Genotype_10744",2359.4694484679,-1.0920237321518
"294","Genotype_10639",2358.67806750414,-0.223999060070197
"295","Genotype_10598",2358.59378414041,-0.252604668872361
"296","Genotype_10399",2357.96715795464,-0.248183693316216
"297","Genotype_10243",2357.66526879949,-0.593800306249675
"298","Genotype_10405",2357.20742890478,-0.618730239111772
"299","Genotype_10427",2357.05143144633,-0.564890809628711
"300","Genotype_10424",2357.02376259611,-0.163003145098215
"301","Genotype_10739",2356.64557089313,-0.182435808159447
"302","Genotype_10531",2356.20699356309,-0.239706041088664
"303","Genotype_10868",2354.84777972833,-0.511091192918315
"304","Genotype_10855",2354.78895160508,-0.261924385522251
"305","Genotype_10247",2354.31439322562,-0.574624508947664
"306","Genotype_10962",2354.03759162298,-0.530074241479217
"307","Genotype_10584",2353.76878555747,-0.498585507391929
"308","Genotype_10285",2352.69070355096,-0.969557557561827
"309","Genotype_10964",2352.21602362404,-0.399585730639827
"310","Genotype_10932",2351.94938978812,-0.177358897809046
"311","Genotype_10852",2350.92291925602,-0.237722552377698
"312","Genotype_10338",2350.68419647222,-0.265719813012151
"313","Genotype_10869",2350.21372214253,-0.0760196927990748
"314","Genotype_10783",2349.2333970078,0.425260783580193
"315","Genotype_10497",2349.07280063693,-0.561740116224747
"316","Genotype_10287",2348.64672062399,-0.35701759862752
"317","Genotype_10677",2346.6202269936,-1.03256348264143
"318","Genotype_10481",2346.00129391402,-0.611043125752721
"319","Genotype_10552",2345.88032160201,-0.128287259624379
"320","Genotype_10655",2345.71159373618,-0.309186763035541
"321","Genotype_10975",2345.48977468419,-0.554493453961543
"322","Genotype_10921",2344.64287605876,-0.749391100271141
"323","Genotype_10950",2344.47967678715,-0.508267753474207
"324","Genotype_10757",2344.34670881652,-0.274329044941017
"325","Genotype_10219",2343.65276908109,-0.603995236099071
"326","Genotype_10238",2343.57079771143,-0.623624704085836
"327","Genotype_10342",2342.99716010026,-0.50220145886383
"328","Genotype_10947",2342.80841135905,-0.0176414555919282
"329","Genotype_10171",2342.6954801527,-0.388387063145687
"330","Genotype_10681",2342.62135554028,-0.401931312033833
"331","Genotype_10376",2342.59740959467,-0.790414450282276
"332","Genotype_10933",2342.40546827424,0.0236292213562191
"333","Genotype_10208",2341.27121993633,-0.634632078756714
"334","Genotype_10524",2340.14910581332,-0.947557804085053
"335","Genotype_10890",2340.05463368905,-0.723083184632557
"336","Genotype_10733",2339.97237949261,-0.282788995705318
"337","Genotype_10425",2339.12332283489,-0.452036609732864
"338","Genotype_10197",2338.64942652112,-0.645158734096405
"339","Genotype_10809",2338.61186177808,-0.619303502090988
"340","Genotype_10807",2338.39237950493,-0.479573675073463
"341","Genotype_10479",2338.35454392682,-0.401331151248924
"342","Genotype_10882",2337.63353941252,-0.0654492961833879
"343","Genotype_10442",2337.59754342145,-0.554968218527679
"344","Genotype_10297",2337.45409750787,-0.362331087414386
"345","Genotype_10434",2337.04873919322,-0.228583807680347
"346","Genotype_10337",2335.44341882161,0.128959515277647
"347","Genotype_10943",2335.2089066825,-0.282163367241701
"348","Genotype_10683",2334.49188433928,0.112840409157408
"349","Genotype_10450",2333.24062639895,-0.441568631979473
"350","Genotype_10635",2332.86472121874,-0.444955747792306
"351","Genotype_10849",2332.67868988418,-0.269017453938083
"352","Genotype_10526",2332.16775432495,-0.467014403635017
"353","Genotype_10706",2329.24070619249,-0.212583174718378
"354","Genotype_10461",2329.16287088281,-0.225894145316538
"355","Genotype_10711",2329.03013514911,-0.535723473302946
"356","Genotype_10251",2328.8332042944,-0.112069832085709
"357","Genotype_10692",2328.54923325605,-0.593542207762751
"358","Genotype_10719",2328.26067215807,0.0548443979961473
"359","Genotype_10452",2328.23882806839,-0.529206513357737
"360","Genotype_10653",2328.14196426444,-0.0587515023858847
"361","Genotype_10637",2328.13464495454,-0.39292829238192
"362","Genotype_10462",2327.88072241042,0.0375103873513687
"363","Genotype_10521",2326.9176683959,-0.483279150082457
"364","Genotype_10378",2326.8706359098,-0.160960676407203
"365","Genotype_10781",2326.62785166347,-0.703009854784797
"366","Genotype_10865",2326.34005027976,-0.14203326502904
"367","Genotype_10702",2325.96718572401,-0.507354314299585
"368","Genotype_10369",2325.88028743534,-0.446699677630842
"369","Genotype_10906",2325.63673947026,-0.697270406715116
"370","Genotype_10588",2325.51917256059,-0.111925954296695
"371","Genotype_10446",2324.58507214882,-0.55596168998441
"372","Genotype_10717",2324.51149352213,-0.127388844704997
"373","Genotype_10250",2323.98631992978,-0.49148217401489
"374","Genotype_10986",2323.43208434144,-0.601766310914365
"375","Genotype_10714",2323.06856096634,-0.326896317054765
"376","Genotype_10965",2322.93438165306,-0.277344413338588
"377","Genotype_10948",2322.68058372725,-0.273429594283498
"378","Genotype_10518",2322.66547794593,-0.555985393348753
"379","Genotype_10652",2322.42708203873,-0.255504708348785
"380","Genotype_10566",2322.20202418413,-0.0826596623663347
"381","Genotype_10668",2322.15391066138,-0.521214376568439
"382","Genotype_10805",2321.69347301073,-0.35724476436203
"383","Genotype_10556",2321.49802978373,-0.484212483101645
"384","Genotype_10465",2321.08060736426,-0.681754130911573
"385","Genotype_10420",2320.34802576059,-0.220104624886523
"386","Genotype_10527",2320.28019920813,-0.45925837962762
"387","Genotype_10280",2320.1938446507,-0.390809130596905
"388","Genotype_10806",2319.78298933277,-0.485842640720371
"389","Genotype_10736",2319.68674483691,-0.032694379906592
"390","Genotype_10778",2318.15743184091,-0.417416504235358
"391","Genotype_10602",2317.74402382522,-0.658615168823462
"392","Genotype_10899",2317.65474319461,0.147642936389725
"393","Genotype_10780",2317.49035770777,-0.317757457388423
"394","Genotype_10391",2317.1354237935,-0.0359679109402602
"395","Genotype_10324",2316.22743181601,-0.57809632953818
"396","Genotype_10349",2315.73301918364,-0.298420166860681
"397","Genotype_10494",2315.01918550082,-0.363897473853976
"398","Genotype_10464",2313.67033665867,-0.421155415267355
"399","Genotype_10476",2312.93310595679,-0.500098906947595
"400","Genotype_10759",2312.89401896008,-0.776659625426753
"401","Genotype_10828",2311.58203707375,-0.320574808822236
"402","Genotype_10724",2311.31626266825,-0.294604154314292
"403","Genotype_11005",2311.12704968546,-0.42269136208651
"404","Genotype_10766",2310.87479452206,-0.119882070003138
"405","Genotype_10942",2310.7070236794,-0.529082287418914
"406","Genotype_10415",2310.09203401409,0.0760358179627846
"407","Genotype_10600",2309.99525883177,-0.62213290581287
"408","Genotype_10609",2309.56502422764,-0.389416456832019
"409","Genotype_11000",2309.42953815994,-0.422000860727722
"410","Genotype_10557",2309.32905797384,-0.398366737443268
"411","Genotype_10561",2309.23220484549,-0.460421810736428
"412","Genotype_10901",2309.1813903591,-0.453912096937261
"413","Genotype_10621",2308.25158146236,-0.678171320494271
"414","Genotype_10614",2307.63894815255,-0.3069729240593
"415","Genotype_10841",2307.33022275517,-0.480175832121262
"416","Genotype_10910",2307.18710000309,-0.82804914408945
"417","Genotype_10730",2306.82211273348,-0.700331381016031
"418","Genotype_10195",2306.6787497956,0.00990140273126616
"419","Genotype_10633",2306.50560148033,-0.369987049722198
"420","Genotype_10370",2305.88747398714,0.0555967432139929
"421","Genotype_10926",2305.77794744064,-0.418373189551991
"422","Genotype_10187",2305.72652794137,-0.166965523762899
"423","Genotype_10961",2305.08397161692,-0.109382500064503
"424","Genotype_10511",2304.86199234741,-0.478283697549016
"425","Genotype_10603",2304.72656524987,-0.920718171342899
"426","Genotype_10548",2304.69995441369,-0.0271302990201332
"427","Genotype_10710",2304.34327324193,-0.328376296381472
"428","Genotype_10665",2304.30107792431,-0.391412128921758
"429","Genotype_10615",2304.27823141453,-0.202159178912988
"430","Genotype_10510",2303.61544739509,-0.801541893728277
"431","Genotype_10559",2303.47318470897,-0.342265825199863
"432","Genotype_10344",2302.67525742289,-0.341980786732071
"433","Genotype_10862",2302.4293254153,-0.310548381104305
"434","Genotype_10936",2301.57754109316,-0.0242179990275273
"435","Genotype_10234",2301.44229388883,-0.623029204251477
"436","Genotype_10312",2301.29323953853,-0.688409897732455
"437","Genotype_10900",2301.18943152615,-0.752233833144004
"438","Genotype_10647",2300.52523248325,-0.00989314361440141
"439","Genotype_10303",2300.0625914711,-0.171850781527661
"440","Genotype_10503",2299.78573782525,0.0994868026355722
"441","Genotype_10703",2299.59819829514,-0.235029584541973
"442","Genotype_10189",2299.33849577223,-0.349193171777563
"443","Genotype_10409",2297.93113883299,-0.819010884359324
"444","Genotype_10753",2297.54362691581,-0.406684263051974
"445","Genotype_10737",2297.33940428048,-0.563048525952645
"446","Genotype_10437",2297.12473783616,-0.406103607058875
"447","Genotype_10755",2297.05815608957,-0.191459183295013
"448","Genotype_10448",2296.88553353059,-0.228905441357804
"449","Genotype_10982",2296.79750800656,-0.857530482516887
"450","Genotype_10435",2296.41176116759,-0.253089915062829
"451","Genotype_10291",2296.40478588095,-0.261497806559567
"452","Genotype_10788",2295.70362277662,-0.594184965404607
"453","Genotype_10680",2295.30700733246,-0.615981335245855
"454","Genotype_10581",2294.78542140088,-0.731489997304227
"455","Genotype_10309",2294.22278528776,-0.247011790303404
"456","Genotype_10576",2293.35680478423,-0.464356541669744
"457","Genotype_10969",2292.71034217061,-1.05219492072417
"458","Genotype_10509",2292.59456583069,-0.168822600201644
"459","Genotype_10555",2292.57973286716,-0.0922031001904355
"460","Genotype_10697",2291.91262210945,-0.248550334549242
"461","Genotype_10748",2291.82035793182,-0.0791456910249912
"462","Genotype_10925",2291.45734024661,0.118062795971972
"463","Genotype_10712",2291.22887103373,-0.391236031796413
"464","Genotype_10507",2290.43536438111,-0.413373336988059
"465","Genotype_10227",2290.16925049393,-0.715304196362974
"466","Genotype_10951",2290.07175682195,-0.366087634591652
"467","Genotype_10929",2289.83451705303,-0.351526727776807
"468","Genotype_10179",2289.57539245265,-0.584841078281034
"469","Genotype_10945",2289.06708264884,-0.587352733767426
"470","Genotype_10501",2288.2681302504,-0.628505213305745
"471","Genotype_10664",2288.04501256118,-0.561409585630549
"472","Genotype_10466",2287.54272439521,-0.842708936633329
"473","Genotype_10421",2287.33395575554,-0.148134789860959
"474","Genotype_10720",2287.31050161832,-0.0627949404740717
"475","Genotype_10762",2287.28354726013,-0.426678682340182
"476","Genotype_10474",2286.99873793875,-0.69711486856231
"477","Genotype_10946",2286.5268190078,-0.69580347510058
"478","Genotype_10885",2286.42413943689,0.0992694525737415
"479","Genotype_10709",2286.26373055028,-0.794217668308186
"480","Genotype_10624",2285.9015343356,-0.440085855518789
"481","Genotype_10843",2285.04994218718,-0.537922236669978
"482","Genotype_10172",2284.58665236147,-0.575119122505643
"483","Genotype_10836",2284.32083944554,-0.63637200179785
"484","Genotype_10423",2284.07413268099,-0.362949208213861
"485","Genotype_10599",2284.07102023375,-0.610680787626185
"486","Genotype_10728",2283.19685127778,-0.312479984722134
"487","Genotype_10729",2282.68075587142,-0.790910270151361
"488","Genotype_10638",2282.49595345007,-0.775365967592462
"489","Genotype_10879",2282.0800384396,-0.613887345099865
"490","Genotype_10277",2282.01798647451,-0.276591688919465
"491","Genotype_10698",2281.91849896046,-0.456863203880616
"492","Genotype_10708",2281.38832595158,-0.500370797245522
"493","Genotype_10887",2281.11470496033,-0.492666603503189
"494","Genotype_10381",2280.84995266421,-0.482488389004665
"495","Genotype_10990",2280.35323982386,-0.453571052821119
"496","Genotype_10166",2279.90713511066,-0.467650753045053
"497","Genotype_10266",2279.60350039786,-0.218827783069448
"498","Genotype_10327",2279.60191627209,-0.276714074636976
"499","Genotype_10643",2279.1516441202,-0.271021447505717
"500","Genotype_10776",2278.95156670589,-0.229181900618432
"501","Genotype_10631",2278.88375254409,-0.399550934549002
"502","Genotype_10253",2278.62552174956,-0.658868359229513
"503","Genotype_10650",2278.41944600799,-0.750695858168498
"504","Genotype_10196",2278.2268431446,-0.405571835338862
"505","Genotype_10831",2277.99589807343,-0.251644999099198
"506","Genotype_10917",2277.77616356212,-0.705343408443442
"507","Genotype_10763",2277.66867157658,-0.438087174279039
"508","Genotype_10673",2277.13650059339,-0.215571695816843
"509","Genotype_10716",2276.26808773419,-0.959366527238059
"510","Genotype_10821",2274.54137852861,-0.343864103460757
"511","Genotype_10358",2274.479460787,-0.279720221735764
"512","Genotype_10459",2272.83239138729,-0.312506906211885
"513","Genotype_10362",2272.78646421668,-0.144929165894596
"514","Genotype_10276",2272.55757647867,-0.463395897312794
"515","Genotype_10591",2271.6869373674,-0.44774522026831
"516","Genotype_10689",2271.6860380552,-0.773212118994176
"517","Genotype_10301",2271.01817019227,-0.67874019682492
"518","Genotype_10907",2270.96028303637,-1.03284837316344
"519","Genotype_10393",2270.59785260005,-0.475805468166688
"520","Genotype_10288",2269.51781823977,-0.217559558433899
"521","Genotype_10408",2269.3857594794,-0.628486270111362
"522","Genotype_10558",2269.29444791135,-0.463130278284241
"523","Genotype_10263",2268.70475734627,-0.7917299257338
"524","Genotype_10275",2268.68921099857,0.0353156542804225
"525","Genotype_10198",2268.22497683838,-0.159620806191402
"526","Genotype_10772",2268.18331804873,-0.328010036233605
"527","Genotype_10229",2268.03941019528,-0.677314259570917
"528","Genotype_10741",2267.75281115686,-0.539623186873751
"529","Genotype_10954",2267.53195950409,-0.859294280587028
"530","Genotype_10178",2267.07804465142,-0.348865210422022
"531","Genotype_10999",2266.75941681554,-0.732764678955759
"532","Genotype_10610",2266.35885906477,-0.228167919996272
"533","Genotype_10820",2266.06166103659,-0.857180061488724
"534","Genotype_10252",2265.16323023879,-0.245149832064966
"535","Genotype_10300",2264.96616689601,-0.490059082627227
"536","Genotype_10473",2264.78736350521,0.0735158517739837
"537","Genotype_10302",2264.6908589807,-0.329779197184833
"538","Genotype_10952",2264.1096298179,-0.459376546826584
"539","Genotype_11002",2264.04879882456,-0.414524472431881
"540","Genotype_10880",2264.03821142226,-0.415194249450304
"541","Genotype_10967",2263.68720452742,-0.547698352862799
"542","Genotype_10803",2263.56818250112,-0.320541652561542
"543","Genotype_10794",2263.43572945508,-0.143467048370103
"544","Genotype_10800",2263.09205999167,-0.374188956372464
"545","Genotype_10938",2261.95571504591,-0.592992801310927
"546","Genotype_10786",2261.57210004344,-0.304736126370889
"547","Genotype_10348",2261.4828735074,-0.385911796808372
"548","Genotype_10756",2260.74904597836,-0.704648349769141
"549","Genotype_10871",2260.04958016056,-0.969880926447505
"550","Genotype_10490",2259.38213793132,-0.619837784504169
"551","Genotype_10398",2259.23379760253,-0.454276001325628
"552","Genotype_10881",2258.9847626659,-0.0848139239858499
"553","Genotype_10528",2258.85546949516,-0.406331241520451
"554","Genotype_10305",2258.69002855276,-0.485021033009915
"555","Genotype_10181",2257.30255488355,-0.890282455997529
"556","Genotype_10325",2257.20708286707,-0.471388526000936
"557","Genotype_10217",2257.08611438076,-0.214085858825935
"558","Genotype_10320",2256.20247732727,-0.431768680371016
"559","Genotype_10808",2256.09353607317,-0.568671461822998
"560","Genotype_10722",2254.37789307013,-0.3812945745364
"561","Genotype_10672",2254.09631497844,-0.748137348424278
"562","Genotype_10927",2253.82045437553,-0.514343984845204
"563","Genotype_10514",2252.64682587495,-0.653798737851409
"564","Genotype_10432",2252.59377895057,-0.200677290219929
"565","Genotype_10930",2252.00146830807,-0.167040973534781
"566","Genotype_10818",2250.89573561186,-0.563208474924106
"567","Genotype_10957",2250.42373833739,-0.626820148339042
"568","Genotype_10738",2250.36387675461,-0.101000894487756
"569","Genotype_10311",2249.68180386737,-0.444703571811109
"570","Genotype_10622",2249.58131292632,-0.731499385030289
"571","Genotype_10919",2249.26607461422,-0.0722129362185648
"572","Genotype_10693",2249.09025308301,-0.68434789350735
"573","Genotype_10354",2247.97388765265,-0.12300401936124
"574","Genotype_10830",2247.82964010573,-0.780988499623651
"575","Genotype_10661",2247.440624577,-0.603959746584845
"576","Genotype_10611",2247.33731568424,-0.114497019596829
"577","Genotype_10416",2247.29250141027,-0.151421516362495
"578","Genotype_10604",2247.06901429076,-0.749418414573359
"579","Genotype_10262",2246.79060725258,-0.0656135787637828
"580","Genotype_10565",2246.603638824,-0.798337114766158
"581","Genotype_10564",2245.64709729416,-0.572470113980261
"582","Genotype_10875",2245.62366616749,-0.973763244821176
"583","Genotype_10373",2245.54574249119,-0.762260088440065
"584","Genotype_10326",2245.36157175332,-0.262212774654714
"585","Genotype_10699",2245.07115993598,-0.698456573599756
"586","Genotype_10619",2244.94156475736,-0.581922142271127
"587","Genotype_10911",2243.49162008281,0.00302046893031138
"588","Genotype_10923",2243.18997647914,-0.0950459717729686
"589","Genotype_10296",2241.00011364425,-0.88670189039225
"590","Genotype_10792",2240.28098125543,-0.10441730048601
"591","Genotype_10768",2239.6689561868,-0.811049689528268
"592","Genotype_10779",2239.42010079699,-0.700215522222462
"593","Genotype_10970",2239.29778904406,-0.260669451861882
"594","Genotype_10264",2238.09747522947,-0.434940235813772
"595","Genotype_10477",2237.59743598658,-0.533984635379856
"596","Genotype_10216",2237.21597336553,-0.325824488672677
"597","Genotype_10231",2236.98206241955,-0.576381155256102
"598","Genotype_10752",2236.4520366551,-0.173070571878181
"599","Genotype_10259",2236.44715246396,-0.455938121226506
"600","Genotype_10718",2236.2461241247,-0.366274742598005
"601","Genotype_10798",2236.1737439806,-0.490031425307857
"602","Genotype_10388",2236.05579028302,0.106052312019981
"603","Genotype_10765",2234.3067508112,-0.602364146458682
"604","Genotype_10959",2234.28332214103,-0.432657456673579
"605","Genotype_10256",2234.10896917746,-0.89887487060508
"606","Genotype_10833",2233.93124723778,-0.508910873175646
"607","Genotype_10920",2233.61473915386,-0.449220496736399
"608","Genotype_10769",2233.4843869901,-0.823476041725448
"609","Genotype_10801",2233.45538014208,-0.338297530384485
"610","Genotype_10403",2233.42163820667,-0.751250641915491
"611","Genotype_10973",2232.41310399201,-0.42202299463987
"612","Genotype_10430",2232.08513859933,-0.183868672096345
"613","Genotype_10468",2231.7528645014,-0.4615967828182
"614","Genotype_10214",2231.56619242679,-0.735922456210722
"615","Genotype_10732",2231.43694509535,-0.766720011803365
"616","Genotype_10995",2230.37210541424,-0.526904201452716
"617","Genotype_10856",2229.58693641401,-0.275571217031833
"618","Genotype_10991",2229.54569129458,-0.818343235086185
"619","Genotype_10183",2228.68744284421,-0.619897077946048
"620","Genotype_10627",2226.90317248025,-0.387965117104538
"621","Genotype_10500",2226.63569788908,-0.156092452823435
"622","Genotype_10676",2226.33050673176,-0.324124845331228
"623","Genotype_10743",2225.97860396246,-0.0113389754742466
"624","Genotype_10542",2225.35398606678,-0.783641312229895
"625","Genotype_10658",2225.28296301578,-0.453851387555508
"626","Genotype_10963",2224.93516366862,-0.140358265695936
"627","Genotype_10981",2224.59841109584,-0.610743902528818
"628","Genotype_10313",2224.49198763794,-0.562884038985756
"629","Genotype_10727",2224.09868637994,-0.616573392573895
"630","Genotype_10770",2224.03830913047,0.10164674252756
"631","Genotype_10992",2223.34478139682,-0.413043280063282
"632","Genotype_10596",2222.55413291949,-0.248381934817993
"633","Genotype_10863",2222.4465948372,-0.873096354706895
"634","Genotype_10577",2221.30370520532,-0.813079090147462
"635","Genotype_10538",2221.20716194531,-0.814963821584934
"636","Genotype_10837",2220.78651015228,-0.693482970764088
"637","Genotype_10469",2220.52724688867,-0.57136547299286
"638","Genotype_10877",2219.82664490397,-0.250002378022597
"639","Genotype_10750",2219.42396106768,-0.260586911077028
"640","Genotype_10207",2219.22946666792,-0.490565731999863
"641","Genotype_10838",2219.04676590267,-0.884316743945152
"642","Genotype_10916",2218.17701960466,-0.99349228750773
"643","Genotype_10382",2218.02457735982,-0.116167113601562
"644","Genotype_10851",2217.34788122123,-0.504476587308057
"645","Genotype_10413",2216.90232138503,-0.2100807307623
"646","Genotype_10691",2216.86430272031,-0.165414387791448
"647","Genotype_10176",2216.61461341235,-0.355552202418267
"648","Genotype_10319",2216.39596738041,-0.318697731170561
"649","Genotype_10666",2215.90950375388,-0.307011645787429
"650","Genotype_10541",2215.85220436486,-0.72194472523726
"651","Genotype_10357",2215.45478895505,-0.455189387089992
"652","Genotype_10215",2214.24564450367,-0.801343561430678
"653","Genotype_10659",2214.05037707525,-0.333743209358751
"654","Genotype_10293",2213.32664918616,-0.798989798927197
"655","Genotype_10517",2213.1206286662,-0.143070461096763
"656","Genotype_10366",2213.09268817764,-0.916316904476354
"657","Genotype_10205",2212.62684367942,-0.315438880474995
"658","Genotype_10347",2212.60980096419,-0.059731528341546
"659","Genotype_11004",2212.0335868917,-0.56062578492029
"660","Genotype_10495",2211.85824644762,-0.566391688924489
"661","Genotype_10308",2211.10306790172,-0.572332754034918
"662","Genotype_10585",2210.08591515208,-1.037580874763
"663","Genotype_10225",2209.48097399655,-0.208278523525307
"664","Genotype_10977",2209.1144245505,-0.208567774956558
"665","Genotype_10454",2208.93446781161,-0.601438009625607
"666","Genotype_10411",2208.73934712792,0.14882276177677
"667","Genotype_10298",2208.1486344921,-0.11088305982781
"668","Genotype_10790",2208.09977784745,-0.125424356565245
"669","Genotype_10239",2207.98765391509,-0.315208971772054
"670","Genotype_10414",2207.96129799539,-0.121032240035509
"671","Genotype_10874",2206.32896753589,-0.035304163232375
"672","Genotype_10909",2206.29548903904,-0.00538997086367932
"673","Genotype_10578",2206.24620886247,-0.159502227157279
"674","Genotype_10823",2206.07908901962,-0.197353789905958
"675","Genotype_10846",2204.18656019323,-0.285506331731705
"676","Genotype_10593",2203.60213720148,-0.216931227392797
"677","Genotype_10751",2203.574583577,-0.676274063206395
"678","Genotype_10440",2203.16601924999,-0.534895290514372
"679","Genotype_10496",2203.12384428813,-0.273238473702193
"680","Genotype_10232",2202.29347125288,-0.207795058894922
"681","Genotype_10827",2202.08036453086,-0.182519847443686
"682","Genotype_10701",2201.98234829359,-0.222593823252041
"683","Genotype_10182",2201.42973195167,-0.352183019803285
"684","Genotype_10268",2201.13700782145,-0.613519340139461
"685","Genotype_10242",2200.26996941114,-0.668500954446809
"686","Genotype_10458",2199.06340517337,-0.640502634143369
"687","Genotype_10310",2198.17159969134,-0.497442458229355
"688","Genotype_10771",2197.81192584125,-0.532594913457585
"689","Genotype_10740",2197.70677405752,-0.881263227614977
"690","Genotype_10810",2196.46133729076,-0.60541774050447
"691","Genotype_10940",2196.26644777782,-0.601008785628162
"692","Genotype_10726",2196.17724637963,-0.37801813474064
"693","Genotype_10814",2195.28707984013,-0.0177261761661134
"694","Genotype_10365",2193.70426090738,-0.346314619715365
"695","Genotype_10484",2193.69679825551,-0.633963468996189
"696","Genotype_10343",2193.52147247067,-0.335708056326547
"697","Genotype_10169",2192.82234553174,-0.306858362143551
"698","Genotype_10537",2192.14496929095,-0.316287491434751
"699","Genotype_10859",2191.74307302121,-0.727457633815421
"700","Genotype_10840",2191.04415102871,-0.100207715592342
"701","Genotype_10978",2190.9840854506,-0.50264049242647
"702","Genotype_10857",2190.96362273191,-0.122612491641616
"703","Genotype_10488",2190.60698300377,-0.288933854360394
"704","Genotype_10813",2190.47818402743,-0.252467842621995
"705","Genotype_10428",2188.53876353697,-0.170771001437608
"706","Genotype_10210",2188.10709732328,-0.0495974572724969
"707","Genotype_10758",2187.47369608378,-0.140814805336212
"708","Genotype_10684",2187.29862730506,-0.0931676247347244
"709","Genotype_10249",2187.08313253251,-0.473134517784281
"710","Genotype_10767",2187.00511203446,-0.191673313214958
"711","Genotype_10941",2186.74391767973,0.1321149127591
"712","Genotype_10316",2186.33697302595,-0.576379526822201
"713","Genotype_10715",2185.85087201887,-0.172718150578286
"714","Genotype_10345",2185.54662012926,-0.342066279540495
"715","Genotype_10390",2185.40429209904,-0.299722483009142
"716","Genotype_10170",2184.57277377044,-0.920412030129226
"717","Genotype_10960",2183.55757686395,-0.10684791498738
"718","Genotype_10532",2183.51692222454,-0.553640408070122
"719","Genotype_10385",2183.48030426537,-0.802974412921541
"720","Genotype_10641",2183.2958064714,-0.855158081726395
"721","Genotype_10397",2182.67454955191,-0.10770946080835
"722","Genotype_10707",2182.51943625447,-0.0304794450991068
"723","Genotype_10649",2181.8562763828,0.0429662674526503
"724","Genotype_10896",2181.85570905156,-0.645066363714011
"725","Genotype_10267",2181.66449503361,-0.623863455702788
"726","Genotype_10341",2181.63328859204,-0.589717164507318
"727","Genotype_10608",2180.37619373257,-0.232098882585507
"728","Genotype_10571",2180.3469011629,-0.765646689327776
"729","Genotype_10984",2180.19807472369,-0.0871401151653988
"730","Genotype_10563",2179.88306180607,-0.533356955792562
"731","Genotype_10553",2179.41174550571,-0.430730448175499
"732","Genotype_10539",2178.93669210827,-0.39784382379164
"733","Genotype_10560",2178.81067750878,-0.241850503898122
"734","Genotype_10966",2178.05062231365,-0.180015642932713
"735","Genotype_10764",2177.7990955545,-0.0667734708214647
"736","Genotype_10799",2177.60681880378,-0.0492717042675115
"737","Genotype_10544",2177.29823618056,-0.491205778206012
"738","Genotype_10451",2177.01040494446,-0.632977906140982
"739","Genotype_10955",2176.19055531128,0.0440427414105548
"740","Genotype_10491",2175.34569263882,-1.09153823500261
"741","Genotype_10700",2175.29118651659,-0.650148844125473
"742","Genotype_10483",2173.39557516415,-0.26052867946434
"743","Genotype_10304",2172.59939350589,-0.822067299889929
"744","Genotype_10283",2171.69459992014,-0.456002314877315
"745","Genotype_10336",2170.27087873723,-0.455729705182809
"746","Genotype_10749",2169.91342122361,-0.750177520355783
"747","Genotype_10601",2169.19554522964,-0.610549693913298
"748","Genotype_10417",2168.80641350132,-0.18368031245985
"749","Genotype_10254",2168.75177193762,-0.2752823140341
"750","Genotype_10834",2167.4336252682,-0.271573871794526
"751","Genotype_10175",2167.38203810628,-0.357398362513454
"752","Genotype_10299",2166.86721065106,-0.36195427185491
"753","Genotype_10422",2165.20816267749,-0.622912774014689
"754","Genotype_10974",2164.95873910843,-0.473957207239503
"755","Genotype_10356",2164.76080345838,-0.904532252695473
"756","Genotype_10519",2164.22786582436,-0.714717841506857
"757","Genotype_10402",2163.24809381811,-0.598721792053652
"758","Genotype_10520",2163.13647067692,-0.920243575306598
"759","Genotype_10914",2162.81643607422,-0.930371019811523
"760","Genotype_10625",2162.42446471844,-0.429412399378246
"761","Genotype_10562",2162.10382740192,-0.819714854606134
"762","Genotype_10987",2162.00371987576,-0.0379850308264789
"763","Genotype_10233",2159.76888823229,-0.963365171597865
"764","Genotype_10371",2159.59088350468,-0.284349036704088
"765","Genotype_10426",2158.85741370853,-0.941808925051675
"766","Genotype_10318",2158.03442417451,-0.113890910156496
"767","Genotype_10281",2154.79441386701,-0.780857526491009
"768","Genotype_10167",2154.68501864488,-0.585855819292653
"769","Genotype_10898",2152.43717089349,-0.00582000443915698
"770","Genotype_10853",2151.48264628217,-0.146627422094205
"771","Genotype_10290",2149.47318897516,-0.211048890142021
"772","Genotype_10550",2148.98486705016,-0.54294299847005
"773","Genotype_10220",2148.70428625378,-0.392482994038429
"774","Genotype_10453",2148.58355356427,-0.794410902315998
"775","Genotype_10742",2148.48497377669,-0.259743710774496
"776","Genotype_10968",2147.94054737161,-0.333905770709087
"777","Genotype_10505",2147.9105432092,-0.615402423925344
"778","Genotype_10634",2146.48493989702,-0.260385473693188
"779","Genotype_10824",2145.48474763078,-0.53419909615952
"780","Genotype_10375",2144.5035670525,-0.155049599021316
"781","Genotype_10315",2143.71532453563,-0.634974907777622
"782","Genotype_10586",2142.70289949913,-0.926032748987141
"783","Genotype_10636",2142.69133197043,-0.60000855360875
"784","Genotype_10470",2142.5632552778,-0.632233223337174
"785","Genotype_10294",2140.59693568618,-0.552213334236828
"786","Genotype_10989",2138.88337036654,-0.841303732787093
"787","Genotype_10492",2138.82284214959,-1.0147899570194
"788","Genotype_10949",2138.38972116607,0.0330419297724708
"789","Genotype_10575",2137.16801904458,-0.664807280972159
"790","Genotype_10258",2136.012775101,-0.829164052592187
"791","Genotype_10535",2135.92386524834,-0.672230776163245
"792","Genotype_10774",2135.63621256254,-0.516001435738396
"793","Genotype_10583",2134.053816222,-0.837842958631055
"794","Genotype_10433",2133.88541698701,-0.181949745322151
"795","Genotype_10180",2133.87755144082,-0.739260258793228
"796","Genotype_10274",2132.70321164902,-0.281098122071827
"797","Genotype_10979",2131.69279099336,-0.608530299678303
"798","Genotype_10429",2131.25707243295,-0.242393257268879
"799","Genotype_10670",2127.18884967477,-0.366315990440493
"800","Genotype_10322",2127.17032539457,-0.61052543718334
"801","Genotype_10832",2125.80267695388,-0.777955071791626
"802","Genotype_10723",2125.7166347971,-0.899105895672513
"803","Genotype_10607",2125.13429203909,-0.967280170133244
"804","Genotype_10651",2125.02069905162,-0.623501304123547
"805","Genotype_10993",2124.07558172402,-0.563683960259556
"806","Genotype_10193",2121.56302736328,-0.971594648177844
"807","Genotype_10377",2108.09039276796,-0.624448428163704
"808","Genotype_10295",2101.93859047866,-0.17177212064484
"809","Genotype_10872",2100.64090503115,-0.00642375930086092
"810","Genotype_10173",2099.61336044064,-0.183801001827915
"811","Genotype_10286",2098.19931993826,-0.209079948047149
"812","Genotype_10191",2096.58339318541,-0.529041434978664
"813","Genotype_10364",2095.35200239239,-0.712748251739747
"814","Genotype_10162",2095.30937371301,-0.285781701017574
"815","Genotype_10163",2094.45936237436,-1.07257052689123
"816","Genotype_10367",2093.40933363077,-0.153473448484495
"817","Genotype_10321",2091.20629203075,-0.266284696223928
"818","Genotype_10878",2090.12555217953,-0.0623229959247764
"819","Genotype_10568",2089.68423864016,-0.270087612869297
"820","Genotype_10177",2088.74227791246,-0.675030863813912
"821","Genotype_10549",2084.63826748793,-0.86576303286786
"822","Genotype_10445",2080.88061617158,-0.360752626202782
"823","Genotype_10682",2080.68768411628,-0.203437278158264
"824","Genotype_10793",2074.00286279432,0.153917207903568
"825","Genotype_10580",2072.59718332483,-0.643075552130864
"826","Genotype_10168",2068.369678752,-0.720298756758852
"827","Genotype_10883",2066.06594310906,-0.719557126900611
"828","Genotype_10536",2066.01132527923,-0.522041991966051
"829","Genotype_10897",2065.69691094099,-0.989978081932648
"830","Genotype_10438",2063.38150539308,-0.302807285286255
"831","Genotype_10574",2059.97326301662,-0.984885819937924
"832","Genotype_10292",2059.02015409016,0.0812573982855286
"833","Genotype_10773",2054.53088975251,-0.733153209602221
"834","Genotype_10439",2050.59090261828,-0.207350790020697
"835","Genotype_10922",2040.19087681306,-0.316296893152791
"836","Genotype_10628",2039.17907979608,-0.401754080106264
"837","Genotype_10380",2037.82638866001,-0.0585315295186277
"838","Genotype_10228",2027.10968822724,-0.269649811192002
"839","Genotype_10629",2021.69070331752,-0.320742483860658
"840","Genotype_10235",2021.43228230267,-0.348918498767436
"841","Genotype_10546",2020.0330629657,-0.730779361527019
"842","Genotype_10590",1985.85993738241,-0.11909234147358
"843","Genotype_10222",1891.66944473239,-0.492949427646939
"844","Genotype_10443",1668.66491218417,-2.88274914670846
