Environment,Plot,Genotype,Rep,Block,Row,Column,Line.type,DTF,HT,Yield
Env1,59,1,1,2,2,19,Entry,94,118,5873.2922
Env1,19,2,1,1,1,19,Entry,78,116,5843.6048
Env1,27,3,1,1,1,27,Entry,87,108.4,5776.7444
Env1,127,4,1,4,4,7,Entry,87,116.4,6283.8298
Env1,132,5,1,4,4,12,Entry,94,134,5703.4884
Env1,92,6,1,3,3,12,Entry,94,104,6357.5584
Env1,106,7,1,3,3,26,Entry,82,119.2,3461.1556
Env1,82,8,1,3,3,2,Entry,87,95.4,5752.9254
Env1,199,9,1,5,5,39,Entry,82,105,4124.9999
Env1,57,10,1,2,2,17,Entry,85,100.6,4676.5988
Env1,68,11,1,2,2,28,Entry,94,118.2,5468.0232
Env1,44,12,1,2,2,4,Entry,87,96,5585.5739
Env1,131,13,1,4,4,11,Entry,92,97.8,7333.1216
Env1,96,14,1,3,3,16,Entry,91,121.4,3704.6513
Env1,145,15,1,4,4,25,Entry,85,112,5980.8142
Env1,163,16,1,5,5,3,Entry,121,145,5424.8546
Env1,3,17,1,1,1,3,Entry,101,99,4948.0377
Env1,24,18,1,1,1,24,Entry,106,121.8,5839.6076
Env1,38,19,1,1,1,38,Entry,92,92.6,5344.3316
Env1,181,20,1,5,5,21,Entry,91,106.6,6247.6747
Env1,75,21,1,2,2,35,Entry,96,109.2,4671.875
Env1,21,22,1,1,1,21,Entry,89,100.4,5575.4362
Env1,200,23,1,5,5,40,Entry,92,116.4,5443.75
Env1,190,24,1,5,5,30,Entry,94,104.4,5311.0465
Env1,134,25,1,4,4,14,Entry,94,115.8,6041.8602
Env1,60,26,1,2,2,20,Entry,80,92,5506.8317
Env1,161,27,1,5,5,1,Entry,94,113,4747.2746
Env1,12,28,1,1,1,12,Entry,87,92.8,4798.8733
Env1,49,29,1,2,2,9,Entry,94,99.6,5225.5816
Env1,72,30,1,2,2,32,Entry,87,111.8,4801.9622
Env1,193,31,1,5,5,33,Entry,89,104.4,4652.1804
Env1,122,32,1,4,4,2,Entry,87,109.2,4179.1423
Env1,133,33,1,4,4,13,Entry,87,105.8,6724.8306
Env1,119,34,1,3,3,39,Entry,90,97.8,5293.5501
Env1,180,35,1,5,5,20,Entry,94,104.6,5963.1901
Env1,53,36,1,2,2,13,Entry,87,112.8,5208.4304
Env1,164,37,1,5,5,4,Entry,91,120.8,5798.9825
Env1,171,38,1,5,5,11,Entry,94,116.2,5606.7588
Env1,35,39,1,1,1,35,Entry,94,116.8,4781.25
Env1,176,40,1,5,5,16,Entry,94,112.6,4071.9478
Env1,198,41,1,5,5,38,Entry,96,116.8,5125
Env1,124,42,1,4,4,4,Entry,98,104.2,4286.2282
Env1,187,43,1,5,5,27,Entry,89,105.2,4709.3025
Env1,1,44,1,1,1,1,Entry,96,115.6,4956.3953
Env1,66,45,1,2,2,26,Entry,94,121.6,4742.0058
Env1,86,46,1,3,3,6,Entry,63,107.2,4156.9767
Env1,148,47,1,4,4,28,Entry,94,118.8,5238.0231
Env1,40,48,1,1,1,40,Entry,106,105.8,4757.1586
Env1,182,49,1,5,5,22,Entry,87,120.2,5103.7062
Env1,16,50,1,1,1,16,Entry,111,98.4,5691.3156
Env1,144,51,1,4,4,24,Entry,101,109.2,5176.4896
Env1,62,52,1,2,2,22,Entry,91,117.4,5730.6688
Env1,88,53,1,3,3,8,Entry,87,112.4,4557.5947
Env1,153,54,1,4,4,33,Entry,85,112.4,4087.6091
Env1,150,55,1,4,4,30,Entry,89,118.2,4551.0175
Env1,46,56,1,2,2,6,Entry,87,120,5525.5816
Env1,81,57,1,3,3,1,Entry,91,119,5160.7556
Env1,101,58,1,3,3,21,Entry,99,108,6233.2123
Env1,15,59,1,1,1,15,Entry,113,115.4,4071.9478
Env1,32,60,1,1,1,32,Entry,87,122.8,4334.6888
Env1,76,61,1,2,2,36,Entry,89,118.8,4165.9158
Env1,168,62,1,5,5,8,Entry,91,113.4,3807.6306
Env1,123,63,1,4,4,3,Entry,87,115.4,4481.8314
Env1,93,64,1,3,3,13,Entry,87,113.4,6844.295
Env1,195,65,1,5,5,35,Entry,89,118.4,5658.7936
Env1,13,66,1,1,1,13,Entry,89,120.4,6342.8417
Env1,147,67,1,4,4,27,Entry,94,93.8,5499.0917
Env1,146,68,1,4,4,26,Entry,94,109.4,4071.9478
Env1,121,69,1,4,4,1,Entry,84,115,5000
Env1,58,70,1,2,2,18,Entry,89,92.8,5000
Env1,142,71,1,4,4,22,Entry,87,109.8,4720.2033
Env1,158,72,1,4,4,38,Entry,82,110.6,3746.4572
Env1,33,73,1,1,1,33,Entry,85,138.6,4081.3955
Env1,29,74,1,1,1,29,Entry,82,96.2,5341.9799
Env1,11,75,1,1,1,11,Entry,82,85.6,4801.5623
Env1,117,76,1,3,3,37,Entry,87,116,4552.3258
Env1,67,77,1,2,2,27,Entry,85,95,4062.5
Env1,98,78,1,3,3,18,Entry,82,107.4,4153.7789
Env1,125,79,1,4,4,5,Entry,87,113.2,4876.4534
Env1,138,80,1,4,4,18,Entry,87,117,4937.4091
Env1,102,81,1,3,3,22,Entry,103,101.8,5361.9185
Env1,113,82,1,3,3,33,Entry,94,116.8,5713.9537
Env1,54,83,1,2,2,14,Entry,94,111.8,5526.3808
Env1,26,84,1,1,1,26,Entry,94,97.4,5046.5115
Env1,192,85,1,5,5,32,Entry,94,106,5456.5406
Env1,37,86,1,1,1,37,Entry,85,98.4,4165.9158
Env1,157,87,1,4,4,37,Entry,82,99.2,3546.875
Env1,109,88,1,3,3,29,Entry,85,102.6,4299.4186
Env1,155,89,1,4,4,35,Entry,87,103.2,4504.1427
Env1,85,90,1,3,3,5,Entry,87,93.4,5588.3723
Env1,126,91,1,4,4,6,Entry,85,114.2,5127.9071
Env1,31,92,1,1,1,31,Entry,92,102.6,6076.599
Env1,84,93,1,3,3,4,Entry,105,120.2,6419.4765
Env1,23,94,1,1,1,23,Entry,94,103.8,5992.7324
Env1,7,95,1,1,1,7,Entry,92,121.6,6786.1374
Env1,154,96,1,4,4,34,Entry,96,95.8,5461.8095
Env1,45,97,1,2,2,5,Entry,98,118.6,4175.5816
Env1,78,98,1,2,2,38,Entry,96,114.4,6504.3606
Env1,56,99,1,2,2,16,Entry,94,113.6,5011.628
Env1,156,100,1,4,4,36,Entry,94,112.4,6041.3154
Env1,61,101,1,2,2,21,Entry,96,113.8,5400.0002
Env1,94,102,1,3,3,14,Entry,98,112.4,5424.8185
Env1,135,103,1,4,4,15,Entry,98,104,6859.884
Env1,112,104,1,3,3,32,Entry,94,101.2,4803.4886
Env1,95,105,1,3,3,15,Entry,98,117.6,5138.2629
Env1,80,106,1,2,2,40,Entry,94,112.6,6733.4416
Env1,41,107,1,2,2,1,Entry,91,119.6,4875
Env1,18,108,1,1,1,18,Entry,87,113.4,4472.9651
Env1,83,109,1,3,3,3,Entry,94,108.2,6184.884
Env1,91,110,1,3,3,11,Entry,98,104.4,6437.5
Env1,100,111,1,3,3,20,Entry,94,110.8,5521.4028
Env1,177,112,1,5,5,17,Entry,94,109.6,5953.125
Env1,172,113,1,5,5,12,Entry,92,118,6852.1982
Env1,10,114,1,1,1,10,Entry,91,115.8,4423.9035
Env1,64,115,1,2,2,24,Entry,91,104.6,6144.3055
Env1,6,116,1,1,1,6,Entry,98,108,4473.9461
Env1,151,117,1,4,4,31,Entry,92,109,3924.4188
Env1,167,118,1,5,5,7,Entry,96,108.6,4778.4156
Env1,185,119,1,5,5,25,Entry,94,113.4,5280.1234
Env1,129,120,1,4,4,9,Entry,91,113.4,5237.7906
Env1,52,121,1,2,2,12,Entry,91,103.4,6863.8081
Env1,39,122,1,1,1,39,Entry,92,106.4,4688.7353
Env1,5,123,1,1,1,5,Entry,94,112.2,4456.7587
Env1,137,124,1,4,4,17,Entry,98,109.2,4967.6599
Env1,165,125,1,5,5,5,Entry,87,105,6018.4593
Env1,160,126,1,4,4,40,Entry,89,104,4604.4332
Env1,51,127,1,2,2,11,Entry,91,100.6,6827.8346
Env1,69,128,1,2,2,29,Entry,94,113.2,4426.3625
Env1,34,129,1,1,1,34,Entry,94,107,4767.4053
Env1,162,130,1,5,5,2,Entry,94,105.4,6197.0565
Env1,2,131,1,1,1,2,Entry,89,116,5059.2067
Env1,136,132,1,4,4,16,Entry,89,107.6,4171.875
Env1,196,133,1,5,5,36,Entry,85,118.2,4922.6019
Env1,71,134,1,2,2,31,Entry,92,94.2,5136.9187
Env1,36,135,1,1,1,36,Entry,92,108.4,4348.256
Env1,103,136,1,3,3,23,Entry,91,97.4,6269.3675
Env1,73,137,1,2,2,33,Entry,94,102.2,5812.5
Env1,43,138,1,2,2,3,Entry,104,98.8,5538.6631
Env1,194,139,1,5,5,34,Entry,94,118.4,6388.0084
Env1,169,140,1,5,5,9,Entry,96,117.4,5989.5714
Env1,20,141,1,1,1,20,Entry,96,107.4,4945.1307
Env1,17,142,1,1,1,17,Entry,96,114,3656.25
Env1,79,143,1,2,2,39,Entry,94,118.4,6311.519
Env1,140,144,1,4,4,20,Entry,96,110.2,6288.8082
Env1,197,145,1,5,5,37,Entry,92,117.2,5861.9407
Env1,4,146,1,1,1,4,Entry,92,102.8,6012.6582
Env1,128,147,1,4,4,8,Entry,94,104.8,5625
Env1,47,148,1,2,2,7,Entry,101,111.2,4300.872
Env1,97,149,1,3,3,17,Entry,94,92.4,4814.6073
Env1,14,150,1,1,1,14,Entry,94,112.4,5556.977
Env1,22,151,1,1,1,22,Entry,89,117,4716.22
Env1,141,152,1,4,4,21,Entry,85,119.2,5639.8256
Env1,191,153,1,5,5,31,Entry,85,115,3924.4188
Env1,189,154,1,5,5,29,Entry,85,111,5172.874
Env1,159,155,1,4,4,39,Entry,85,110.4,5734.375
Env1,118,156,1,3,3,38,Entry,94,105,6283.4301
Env1,166,157,1,5,5,6,Entry,96,108.4,5380.596
Env1,114,158,1,3,3,34,Entry,94,115,5201.943
Env1,42,159,1,2,2,2,Entry,101,120.4,5915.6242
Env1,116,160,1,3,3,36,Entry,82,105,5019.5493
Env1,28,161,1,1,1,28,Entry,92,89.2,5843.75
Env1,107,162,1,3,3,27,Entry,85,108.4,5415.6979
Env1,115,163,1,3,3,35,Entry,96,109.6,6417.5145
Env1,87,164,1,3,3,7,Entry,94,114,6012.2095
Env1,188,165,1,5,5,28,Entry,94,104.2,5005.814
Env1,183,166,1,5,5,23,Entry,92,116.2,4709.3025
Env1,30,167,1,1,1,30,Entry,89,116,4794.3038
Env1,178,168,1,5,5,18,Entry,94,105.4,6248.8737
Env1,186,169,1,5,5,26,Entry,82,112.8,4245.7847
Env1,130,170,1,4,4,10,Entry,87,105.2,5375
Env1,99,171,1,3,3,19,Entry,87,109.6,3376.6353
Env1,104,172,1,3,3,24,Entry,87,113.4,5044.7858
Env1,8,173,1,1,1,8,Entry,87,106,5572.6746
Env1,120,174,1,3,3,40,Entry,85,96,5579.7601
Env1,50,175,1,2,2,10,Entry,92,100.8,5907.0674
Env1,170,176,1,5,5,10,Entry,92,102.8,4984.375
Env1,152,177,1,4,4,32,Entry,91,131.2,4933.3213
Env1,63,178,1,2,2,23,Entry,NA,NA,NA
Env1,89,179,1,3,3,9,Entry,80,115,4338.1905
Env1,77,180,1,2,2,37,Entry,NA,NA,NA
Env1,105,181,1,3,3,25,Entry,75,112.4,4119.1861
Env1,55,182,1,2,2,15,Entry,91,118.2,4446.2211
Env1,184,183,1,5,5,24,Entry,80,149.6,6070.8028
Env1,70,184,1,2,2,30,Entry,NA,NA,NA
Env1,110,185,1,3,3,30,Entry,80,117.6,5337.2095
Env1,174,186,1,5,5,14,Entry,101,128.6,4437.8635
Env1,65,187,1,2,2,25,Entry,92,107.8,5502.7979
Env1,139,188,1,4,4,19,Entry,98,102,7010.9009
Env1,179,189,1,5,5,19,Entry,80,103.4,4515.2255
Env1,108,190,1,3,3,28,Entry,82,82.2,5091.9334
Env1,149,191,1,4,4,29,Entry,89,112.4,4635.0291
Env1,175,192,1,5,5,15,Entry,91,100,5411.3375
Env1,173,193,1,5,5,13,Check,85,125.8,5290.6975
Env1,143,194,1,4,4,23,Check,85,100.4,5230.8867
Env1,90,195,1,3,3,10,Check,105,121.8,5902.3258
Env1,9,196,1,1,1,9,Check,85,117,5450.1455
Env1,111,197,1,3,3,31,Check,89,110.2,5341.57
Env1,48,198,1,2,2,8,Check,94,101.6,4765.625
Env1,74,199,1,2,2,34,Check,90,115.2,5933.7212
Env1,25,200,1,1,1,25,Check,87,99.2,4214.2442
Env1,396,1,2,5,10,36,Entry,91,122,5000
Env1,237,2,2,1,6,37,Entry,78,122.6,5148.2557
Env1,230,3,2,1,6,30,Entry,91,114.2,5084.3023
Env1,241,4,2,2,7,1,Entry,87,120.6,7146.8566
Env1,216,5,2,1,6,16,Entry,94,140.4,5125
Env1,381,6,2,5,10,21,Entry,98,106.2,5348.1688
Env1,319,7,2,3,8,39,Entry,85,120.4,4407.7126
Env1,336,8,2,4,9,16,Entry,85,95,5951.3083
Env1,320,9,2,3,8,40,Entry,85,104.2,3461.2501
Env1,256,10,2,2,7,16,Entry,85,110.6,5331.0321
Env1,347,11,2,4,9,27,Entry,94,120.4,5148.2557
Env1,262,12,2,2,7,22,Entry,89,103.8,5735.8284
Env1,374,13,2,5,10,14,Entry,92,95,6423.6195
Env1,297,14,2,3,8,17,Entry,95,123.6,3915.3344
Env1,364,15,2,5,10,4,Entry,85,114.2,4923.5645
Env1,359,16,2,4,9,39,Entry,121,146.6,4635.7559
Env1,334,17,2,4,9,14,Entry,101,102.4,5937.5
Env1,370,18,2,5,10,10,Entry,105,122.8,6455.6962
Env1,290,19,2,3,8,10,Entry,94,98.6,5026.5261
Env1,246,20,2,2,7,6,Entry,94,106,6385.5924
Env1,354,21,2,4,9,34,Entry,96,113,5372.093
Env1,300,22,2,3,8,20,Entry,91,107.6,5378.0886
Env1,236,23,2,1,6,36,Entry,96,119.6,4405.5231
Env1,243,24,2,2,7,3,Entry,94,104.4,6125.9447
Env1,277,25,2,2,7,37,Entry,98,112.4,5588.3723
Env1,248,26,2,2,7,8,Entry,80,93.4,6358.503
Env1,245,27,2,2,7,5,Entry,94,115,5549.9998
Env1,346,28,2,4,9,26,Entry,85,94.2,5478.4886
Env1,202,29,2,1,6,2,Entry,91,106.8,4138.0449
Env1,350,30,2,4,9,30,Entry,89,113.2,4395.349
Env1,352,31,2,4,9,32,Entry,94,106.4,4041.7153
Env1,274,32,2,2,7,34,Entry,89,113.6,4875
Env1,386,33,2,5,10,26,Entry,90,114,6299.4185
Env1,362,34,2,5,10,2,Entry,87,108.8,4218.3867
Env1,218,35,2,1,6,18,Entry,94,104.2,5232.013
Env1,375,36,2,5,10,15,Entry,89,112.2,4734.375
Env1,317,37,2,3,8,37,Entry,94,122.6,5052.3255
Env1,249,38,2,2,7,9,Entry,96,113.4,6326.2721
Env1,398,39,2,5,10,38,Entry,94,126.4,5196.5117
Env1,260,40,2,2,7,20,Entry,94,113,5046.5115
Env1,399,41,2,5,10,39,Entry,98,112.4,4604.6511
Env1,209,42,2,1,6,9,Entry,94,108.4,4299.4186
Env1,308,43,2,3,8,28,Entry,89,114.8,4081.3955
Env1,376,44,2,5,10,16,Entry,94,108.2,4828.125
Env1,340,45,2,4,9,20,Entry,94,123.2,5468.0232
Env1,329,46,2,4,9,9,Entry,67,112.6,5046.5842
Env1,213,47,2,1,6,13,Entry,91,127.2,5069.7675
Env1,265,48,2,2,7,25,Entry,106,111.8,4725.0002
Env1,333,49,2,4,9,13,Entry,91,122.6,5638.0815
Env1,215,50,2,1,6,15,Entry,111,104.8,6638.8081
Env1,225,51,2,1,6,25,Entry,103,122,4660.2469
Env1,233,52,2,1,6,33,Entry,85,119.4,4965.1165
Env1,287,53,2,3,8,7,Entry,85,112.8,4936.1191
Env1,252,54,2,2,7,12,Entry,87,112,4754.5421
Env1,313,55,2,3,8,33,Entry,89,121,4988.372
Env1,380,56,2,5,10,20,Entry,87,124.2,5069.7675
Env1,310,57,2,3,8,30,Entry,91,126.6,4929.07
Env1,384,58,2,5,10,24,Entry,98,101.4,6781.3956
Env1,296,59,2,3,8,16,Entry,113,112.6,5213.5466
Env1,394,60,2,5,10,34,Entry,87,122.4,4184.8382
Env1,372,61,2,5,10,12,Entry,87,122,5208.4304
Env1,325,62,2,4,9,5,Entry,85,101.8,3992.1513
Env1,377,63,2,5,10,17,Entry,87,113.8,4525.0219
Env1,254,64,2,2,7,14,Entry,87,115.2,6153.4303
Env1,311,65,2,3,8,31,Entry,85,112.8,4835.9192
Env1,332,66,2,4,9,12,Entry,91,120.4,5902.3258
Env1,351,67,2,4,9,31,Entry,94,105.2,5572.6746
Env1,229,68,2,1,6,29,Entry,94,111,3366.4245
Env1,322,69,2,4,9,2,Entry,89,104.2,5069.7675
Env1,339,70,2,4,9,19,Entry,85,92.8,5354.041
Env1,261,71,2,2,7,21,Entry,91,111.8,4971.1484
Env1,258,72,2,2,7,18,Entry,85,115,4718.75
Env1,272,73,2,2,7,32,Entry,85,142.6,5180.2328
Env1,348,74,2,4,9,28,Entry,82,105.8,5078.125
Env1,227,75,2,1,6,27,Entry,82,81.2,5066.3515
Env1,276,76,2,2,7,36,Entry,85,122.2,5244.4043
Env1,305,77,2,3,8,25,Entry,85,95.2,3723.0742
Env1,280,78,2,2,7,40,Entry,84,108.8,4731.1045
Env1,335,79,2,4,9,15,Entry,89,115.4,5437.5
Env1,203,80,2,1,6,3,Entry,85,119.8,4526.1265
Env1,314,81,2,3,8,34,Entry,105,103.6,4509.4477
Env1,234,82,2,1,6,34,Entry,94,121.8,4770.1307
Env1,298,83,2,3,8,18,Entry,101,113.2,5850.7993
Env1,307,84,2,3,8,27,Entry,98,98.6,5951.3083
Env1,303,85,2,3,8,23,Entry,89,105,5349.5637
Env1,239,86,2,1,6,39,Entry,85,96.4,5244.186
Env1,293,87,2,3,8,13,Entry,82,104.2,4534.9928
Env1,378,88,2,5,10,18,Entry,85,121.6,4764.5348
Env1,316,89,2,3,8,36,Entry,87,111.2,5337.5002
Env1,400,90,2,5,10,40,Entry,87,96.2,4731.1045
Env1,222,91,2,1,6,22,Entry,85,112.8,5381.0317
Env1,283,92,2,3,8,3,Entry,94,96.4,6371.2208
Env1,267,93,2,2,7,27,Entry,105,117.2,5703.4884
Env1,221,94,2,1,6,21,Entry,94,117.4,5621.5115
Env1,223,95,2,1,6,23,Entry,92,119.4,6429.9422
Env1,304,96,2,3,8,24,Entry,98,102.8,5244.186
Env1,284,97,2,3,8,4,Entry,98,115.4,4726.9624
Env1,204,98,2,1,6,4,Entry,94,105.6,5937.5
Env1,242,99,2,2,7,2,Entry,94,113.6,5667.6597
Env1,397,100,2,5,10,37,Entry,94,114,5017.8781
Env1,344,101,2,4,9,24,Entry,94,113.2,4363.9537
Env1,345,102,2,4,9,25,Entry,96,110.4,5275.4363
Env1,328,103,2,4,9,8,Entry,101,104,7252.3621
Env1,271,104,2,2,7,31,Entry,96,110.6,5116.279
Env1,226,105,2,1,6,26,Entry,94,119.6,5324.8548
Env1,238,106,2,1,6,38,Entry,96,111.6,6015.625
Env1,232,107,2,1,6,32,Entry,91,114.4,4504.1427
Env1,365,108,2,5,10,5,Entry,89,122.2,5337.2095
Env1,219,109,2,1,6,19,Entry,89,102.6,5855.2328
Env1,330,110,2,4,9,10,Entry,96,108.8,7047.6019
Env1,302,111,2,3,8,22,Entry,89,112.8,4920.3487
Env1,214,112,2,1,6,14,Entry,94,113.2,5148.8374
Env1,331,113,2,4,9,11,Entry,96,114.8,6811.0467
Env1,288,114,2,3,8,8,Entry,87,112,4960.4653
Env1,383,115,2,5,10,23,Entry,91,109.4,5965.1165
Env1,205,116,2,1,6,5,Entry,96,109.4,5140.625
Env1,390,117,2,5,10,30,Entry,94,113,4279.651
Env1,210,118,2,1,6,10,Entry,94,110.8,4868.4593
Env1,306,119,2,3,8,26,Entry,88,112.8,5996.5119
Env1,250,120,2,2,7,10,Entry,89,113.2,5980.8142
Env1,289,121,2,3,8,9,Entry,94,105.6,6233.2123
Env1,356,122,2,4,9,36,Entry,96,108,5337.2095
Env1,327,123,2,4,9,7,Entry,91,111.4,5203.125
Env1,247,124,2,2,7,7,Entry,98,101.6,5606.7588
Env1,257,125,2,2,7,17,Entry,87,105,6718.75
Env1,355,126,2,4,9,35,Entry,89,112.6,4718.75
Env1,253,127,2,2,7,13,Entry,89,102.8,6725.5632
Env1,312,128,2,3,8,32,Entry,98,114.4,4235.865
Env1,353,129,2,4,9,33,Entry,94,108,5779.0335
Env1,231,130,2,1,6,31,Entry,94,104,5403.1614
Env1,244,131,2,2,7,4,Entry,91,110.4,5166.8244
Env1,235,132,2,1,6,35,Entry,89,103.2,3529.0334
Env1,278,133,2,2,7,38,Entry,89,124.4,5436.0464
Env1,266,134,2,2,7,26,Entry,92,96.6,5250
Env1,275,135,2,2,7,35,Entry,90,107.8,5011.628
Env1,324,136,2,4,9,4,Entry,87,99.6,5583.7211
Env1,294,137,2,3,8,14,Entry,98,103.4,5324.8548
Env1,301,138,2,3,8,21,Entry,104,105.2,4719.7674
Env1,217,139,2,1,6,17,Entry,96,117.6,5704.8513
Env1,206,140,2,1,6,6,Entry,92,114.6,5685.0655
Env1,367,141,2,5,10,7,Entry,96,111.4,5875
Env1,338,142,2,4,9,18,Entry,94,104.8,3608.1394
Env1,268,143,2,2,7,28,Entry,94,118.6,5677.3254
Env1,342,144,2,4,9,22,Entry,98,114,6858.067
Env1,212,145,2,1,6,12,Entry,94,116.8,6670.4215
Env1,299,146,2,3,8,19,Entry,98,115.2,6559.7747
Env1,369,147,2,5,10,9,Entry,96,106.2,5767.8051
Env1,326,148,2,4,9,6,Entry,98,106,5142.8781
Env1,366,149,2,5,10,6,Entry,96,96,5244.186
Env1,361,150,2,5,10,1,Entry,94,113.4,4842.4856
Env1,343,151,2,4,9,23,Entry,87,108.4,5664.2439
Env1,318,152,2,3,8,38,Entry,89,122.6,6292.1694
Env1,224,153,2,1,6,24,Entry,85,119.4,4840.9886
Env1,240,154,2,1,6,40,Entry,87,114.4,5475.0003
Env1,371,155,2,5,10,11,Entry,87,108.8,5873.0016
Env1,323,156,2,4,9,3,Entry,96,105.8,5180.2328
Env1,368,157,2,5,10,8,Entry,96,104.8,5671.875
Env1,395,158,2,5,10,35,Entry,96,119,4328.2242
Env1,363,159,2,5,10,3,Entry,96,121,5761.0467
Env1,286,160,2,3,8,6,Entry,82,105.4,5211.6281
Env1,269,161,2,2,7,29,Entry,96,97.8,6458.3937
Env1,388,162,2,5,10,28,Entry,87,113.2,4774.7095
Env1,255,163,2,2,7,15,Entry,94,111,5866.5696
Env1,382,164,2,5,10,22,Entry,94,116.8,6842.7998
Env1,389,165,2,5,10,29,Entry,96,111.8,5375
Env1,315,166,2,3,8,35,Entry,92,114.8,5113.0813
Env1,385,167,2,5,10,25,Entry,94,114,5361.9185
Env1,282,168,2,3,8,2,Entry,94,108.6,7130.8139
Env1,273,169,2,2,7,33,Entry,82,113.6,5237.7906
Env1,360,170,2,4,9,40,Entry,85,108.8,4986.4642
Env1,220,171,2,1,6,20,Entry,85,106.6,4346.8386
Env1,341,172,2,4,9,21,Entry,87,113.2,5755.8139
Env1,251,173,2,2,7,11,Entry,87,105,6299.4916
Env1,281,174,2,3,8,1,Entry,87,98.2,6710.4285
Env1,321,175,2,4,9,1,Entry,94,98.6,5122.093
Env1,292,176,2,3,8,12,Entry,87,102.6,6056.9588
Env1,208,177,2,1,6,8,Entry,94,132,5418.7498
Env1,264,178,2,2,7,24,Entry,NA,NA,NA
Env1,392,179,2,5,10,32,Entry,80,115,5233.8374
Env1,358,180,2,4,9,38,Entry,NA,NA,NA
Env1,201,181,2,1,6,1,Entry,75,116.2,5261.628
Env1,387,182,2,5,10,27,Entry,94,115.4,3688.9536
Env1,379,183,2,5,10,19,Entry,82,148.8,5011.628
Env1,391,184,2,5,10,31,Entry,NA,NA,NA
Env1,349,185,2,4,9,29,Entry,82,103.2,4537.5
Env1,295,186,2,3,8,15,Entry,101,124.4,5058.612
Env1,291,187,2,3,8,11,Entry,89,111.8,6154.9056
Env1,285,188,2,3,8,5,Entry,98,97.2,7873.9279
Env1,228,189,2,1,6,28,Entry,78,103.8,3652.253
Env1,263,190,2,2,7,23,Entry,76,85,4458.1397
Env1,270,191,2,2,7,30,Entry,89,109.6,3934.9565
Env1,207,192,2,1,6,7,Entry,89,114,4486.9186
Env1,309,193,2,3,8,29,Check,85,122.6,4790.1161
Env1,393,194,2,5,10,33,Check,87,104.6,5170.2238
Env1,211,195,2,1,6,11,Check,105,119.6,5148.8374
Env1,373,196,2,5,10,13,Check,85,115.2,5582.7033
Env1,357,197,2,4,9,37,Check,94,113.8,4375.5089
Env1,259,198,2,2,7,19,Check,91,115.6,5781.1303
Env1,279,199,2,2,7,39,Check,94,113.2,5334.3205
Env1,337,200,2,4,9,17,Check,85,106.6,5125
Env2,59,1,1,2,2,19,Entry,86,97.4,4093.9921
Env2,19,2,1,1,1,19,Entry,89,95.4,4323.7074
Env2,27,3,1,1,1,27,Entry,84,98.4,4636.7462
Env2,127,4,1,4,4,7,Entry,91,93.2,6550.0674
Env2,132,5,1,4,4,12,Entry,94,103.4,5656.6347
Env2,92,6,1,3,3,12,Entry,89,90.8,5036.1539
Env2,106,7,1,3,3,26,Entry,88,83.8,4756.3341
Env2,82,8,1,3,3,2,Entry,95,85.8,5127.4782
Env2,199,9,1,5,5,39,Entry,81,81,3919.8288
Env2,57,10,1,2,2,17,Entry,82,81.2,4263.5658
Env2,68,11,1,2,2,28,Entry,92,100.4,6277.1792
Env2,44,12,1,2,2,4,Entry,87,87,5278.2047
Env2,131,13,1,4,4,11,Entry,91,91.4,5998.2982
Env2,96,14,1,3,3,16,Entry,99,96,5374.4581
Env2,145,15,1,4,4,25,Entry,93,90.8,5075.1968
Env2,163,16,1,5,5,3,Entry,103,117.4,3891.9855
Env2,3,17,1,1,1,3,Entry,95,88.4,5106.353
Env2,24,18,1,1,1,24,Entry,99,103,4837.5937
Env2,38,19,1,1,1,38,Entry,90,85.8,4202.7987
Env2,181,20,1,5,5,21,Entry,93,89.6,4587.156
Env2,75,21,1,2,2,35,Entry,100,109,5942.691
Env2,21,22,1,1,1,21,Entry,94,94.2,5788.6253
Env2,200,23,1,5,5,40,Entry,87,95.8,6421.7314
Env2,190,24,1,5,5,30,Entry,100,89.2,6194.0774
Env2,134,25,1,4,4,14,Entry,96,103.6,5041.1609
Env2,60,26,1,2,2,20,Entry,85,78.8,5304.6116
Env2,161,27,1,5,5,1,Entry,95,87.6,3888.372
Env2,12,28,1,1,1,12,Entry,89,83.6,5347.4191
Env2,49,29,1,2,2,9,Entry,97,88,4979.0987
Env2,72,30,1,2,2,32,Entry,91,88.8,4754.3134
Env2,193,31,1,5,5,33,Entry,92,89,4798.6385
Env2,122,32,1,4,4,2,Entry,97,87.4,6133.2109
Env2,133,33,1,4,4,13,Entry,97,98.6,4995.6029
Env2,119,34,1,3,3,39,Entry,98,84.6,5028.3609
Env2,180,35,1,5,5,20,Entry,100,90.8,4243.2329
Env2,53,36,1,2,2,13,Entry,95,90.2,3964.0591
Env2,164,37,1,5,5,4,Entry,127,95,5346.2163
Env2,171,38,1,5,5,11,Entry,97,98.2,4803.6016
Env2,35,39,1,1,1,35,Entry,95,90.8,5038.7599
Env2,176,40,1,5,5,16,Entry,95,92.2,2975.3762
Env2,198,41,1,5,5,38,Entry,97,92.4,4663.2339
Env2,124,42,1,4,4,4,Entry,101,70,4647.3188
Env2,187,43,1,5,5,27,Entry,96,93.4,5573.9533
Env2,1,44,1,1,1,1,Entry,100,83.2,5835.6325
Env2,66,45,1,2,2,26,Entry,97,99.4,6427.0612
Env2,86,46,1,3,3,6,Entry,95,93,5014.1803
Env2,148,47,1,4,4,28,Entry,92,89.6,4595.9547
Env2,40,48,1,1,1,40,Entry,95,89.6,4012.6218
Env2,182,49,1,5,5,22,Entry,100,99.4,5514.8798
Env2,16,50,1,1,1,16,Entry,104,85.2,4780.7853
Env2,144,51,1,4,4,24,Entry,114,114,5245.088
Env2,62,52,1,2,2,22,Entry,98,121.4,5915.2134
Env2,88,53,1,3,3,8,Entry,87,110,5848.1529
Env2,153,54,1,4,4,33,Entry,87,113.6,5020.5911
Env2,150,55,1,4,4,30,Entry,87,113.6,5069.4837
Env2,46,56,1,2,2,6,Entry,85,114.4,4481.9861
Env2,81,57,1,3,3,1,Entry,85,85.4,3999.4375
Env2,101,58,1,3,3,21,Entry,87,90.2,5593.0233
Env2,15,59,1,1,1,15,Entry,105,91,4310.3448
Env2,32,60,1,1,1,32,Entry,88,104.4,4966.4959
Env2,76,61,1,2,2,36,Entry,88,112.4,5745.5541
Env2,168,62,1,5,5,8,Entry,84,116,4878.0025
Env2,123,63,1,4,4,3,Entry,91,111.2,5966.6332
Env2,93,64,1,3,3,13,Entry,90,116.6,5303.1905
Env2,195,65,1,5,5,35,Entry,90,120.6,4720.93
Env2,13,66,1,1,1,13,Entry,127,116.6,5521.8604
Env2,147,67,1,4,4,27,Entry,88,108.4,5091.163
Env2,146,68,1,4,4,26,Entry,91,108.8,5259.4659
Env2,121,69,1,4,4,1,Entry,87,118.6,5153.2768
Env2,58,70,1,2,2,18,Entry,87,108.6,4958.6777
Env2,142,71,1,4,4,22,Entry,87,107.6,5510.3361
Env2,158,72,1,4,4,38,Entry,91,91,3560.2538
Env2,33,73,1,1,1,33,Entry,97,116.6,5507.2676
Env2,29,74,1,1,1,29,Entry,85,76.8,3841.6815
Env2,11,75,1,1,1,11,Entry,87,64.2,4273.2557
Env2,117,76,1,3,3,37,Entry,90,82.6,5074.5379
Env2,67,77,1,2,2,27,Entry,85,79.8,4222.5068
Env2,98,78,1,3,3,18,Entry,90,76.4,4784.8835
Env2,125,79,1,4,4,5,Entry,93,93,5613.9138
Env2,138,80,1,4,4,18,Entry,86,84.8,5178.8157
Env2,102,81,1,3,3,22,Entry,88,88.8,5289.9887
Env2,113,82,1,3,3,33,Entry,89,96,4736.2449
Env2,54,83,1,2,2,14,Entry,88,95.8,5487.8049
Env2,26,84,1,1,1,26,Entry,89,82.2,4034.7853
Env2,192,85,1,5,5,32,Entry,88,86.6,4668.0582
Env2,37,86,1,1,1,37,Entry,90,87.6,5328.1762
Env2,157,87,1,4,4,37,Entry,90,84.2,5479.6511
Env2,109,88,1,3,3,29,Entry,86,88.4,5429.851
Env2,155,89,1,4,4,35,Entry,94,86.2,5507.0528
Env2,85,90,1,3,3,5,Entry,93,86.6,5422.2384
Env2,126,91,1,4,4,6,Entry,83,75.4,3379.5949
Env2,31,92,1,1,1,31,Entry,91,84.8,5492.6827
Env2,84,93,1,3,3,4,Entry,95,98.8,5586.5252
Env2,23,94,1,1,1,23,Entry,87,81.2,4123.0621
Env2,7,95,1,1,1,7,Entry,87,101.2,5052.9821
Env2,154,96,1,4,4,34,Entry,88,91,5259.4659
Env2,45,97,1,2,2,5,Entry,97,81.8,5724.8059
Env2,78,98,1,2,2,38,Entry,87,89.2,5646.099
Env2,56,99,1,2,2,16,Entry,87,95.4,5800.2735
Env2,156,100,1,4,4,36,Entry,86,91.8,5949.933
Env2,61,101,1,2,2,21,Entry,88,95.8,5099.3219
Env2,94,102,1,3,3,14,Entry,89,88,5531.7763
Env2,135,103,1,4,4,15,Entry,90,88.6,6710.3952
Env2,112,104,1,3,3,32,Entry,89,97,4883.721
Env2,95,105,1,3,3,15,Entry,87,94.2,4970.93
Env2,80,106,1,2,2,40,Entry,88,94,5697.6747
Env2,41,107,1,2,2,1,Entry,89,85.6,4720.93
Env2,18,108,1,1,1,18,Entry,87,92.8,5527.0069
Env2,83,109,1,3,3,3,Entry,90,94.4,5075.2956
Env2,91,110,1,3,3,11,Entry,87,92.4,4995.7457
Env2,100,111,1,3,3,20,Entry,98,94.8,5166.7935
Env2,177,112,1,5,5,17,Entry,89,95.2,5704.4012
Env2,172,113,1,5,5,12,Entry,92,94.4,5608.8239
Env2,10,114,1,1,1,10,Entry,86,87.4,4791.6667
Env2,64,115,1,2,2,24,Entry,91,88.2,5541.3954
Env2,6,116,1,1,1,6,Entry,94,85.8,5814.6801
Env2,151,117,1,4,4,31,Entry,89,82.4,5303.1905
Env2,167,118,1,5,5,7,Entry,93,83,4872.093
Env2,185,119,1,5,5,25,Entry,92,89.8,6274.6354
Env2,129,120,1,4,4,9,Entry,92,90.2,5697.6743
Env2,52,121,1,2,2,12,Entry,84,92.2,5698.7036
Env2,39,122,1,1,1,39,Entry,89,99.2,6322.5561
Env2,5,123,1,1,1,5,Entry,93,93.6,5528.3721
Env2,137,124,1,4,4,17,Entry,83,90,5150.5062
Env2,165,125,1,5,5,5,Entry,90,90.2,4911.3841
Env2,160,126,1,4,4,40,Entry,91,100.4,5737.7049
Env2,51,127,1,2,2,11,Entry,93,91.4,5228.7455
Env2,69,128,1,2,2,29,Entry,88,86.2,4647.2869
Env2,34,129,1,1,1,34,Entry,95,86.4,5573.3338
Env2,162,130,1,5,5,2,Entry,89,92.4,5454.9416
Env2,2,131,1,1,1,2,Entry,89,92.8,5643.4111
Env2,136,132,1,4,4,16,Entry,86,92.6,4906.7846
Env2,196,133,1,5,5,36,Entry,88,95.4,5012.7025
Env2,71,134,1,2,2,31,Entry,83,89.8,5247.3275
Env2,36,135,1,1,1,36,Entry,94,101,7149.6968
Env2,103,136,1,3,3,23,Entry,90,90.2,5123.2464
Env2,73,137,1,2,2,33,Entry,91,85,5271.9582
Env2,43,138,1,2,2,3,Entry,85,94.2,5507.0528
Env2,194,139,1,5,5,34,Entry,95,91.6,8464.4321
Env2,169,140,1,5,5,9,Entry,90,91,4630.5016
Env2,20,141,1,1,1,20,Entry,88,96.2,6868.7707
Env2,17,142,1,1,1,17,Entry,95,87.8,5222.5507
Env2,79,143,1,2,2,39,Entry,88,93.6,5442.2929
Env2,140,144,1,4,4,20,Entry,90,88.4,5430.3745
Env2,197,145,1,5,5,37,Entry,87,89,5028.6008
Env2,4,146,1,1,1,4,Entry,87,90.6,4820.6956
Env2,128,147,1,4,4,8,Entry,92,93.6,6221.9074
Env2,47,148,1,2,2,7,Entry,87,94.8,5631.4994
Env2,97,149,1,3,3,17,Entry,87,87.2,4283.4304
Env2,14,150,1,1,1,14,Entry,88,82.8,5110.7421
Env2,22,151,1,1,1,22,Entry,88,88.8,5560.1429
Env2,141,152,1,4,4,21,Entry,88,100.2,6437.9683
Env2,191,153,1,5,5,31,Entry,89,89.8,5196.2208
Env2,189,154,1,5,5,29,Entry,92,92.4,5304.6116
Env2,159,155,1,4,4,39,Entry,87,92.6,4933.9534
Env2,118,156,1,3,3,38,Entry,90,93.4,6090.1163
Env2,166,157,1,5,5,6,Entry,93,91,6044.0479
Env2,114,158,1,3,3,34,Entry,86,90.2,5593.1209
Env2,42,159,1,2,2,2,Entry,94,95.6,5486.167
Env2,116,160,1,3,3,36,Entry,88,94,5415.0383
Env2,28,161,1,1,1,28,Entry,88,90,5141.2645
Env2,107,162,1,3,3,27,Entry,86,96.6,5638.77
Env2,115,163,1,3,3,35,Entry,87,94.4,5331.5458
Env2,87,164,1,3,3,7,Entry,90,86.8,5153.8276
Env2,188,165,1,5,5,28,Entry,88,93,5894.1955
Env2,183,166,1,5,5,23,Entry,89,94.4,5563.1366
Env2,30,167,1,1,1,30,Entry,90,98,4994.534
Env2,178,168,1,5,5,18,Entry,90,89.8,6071.3933
Env2,186,169,1,5,5,26,Entry,88,89.2,4958.6777
Env2,130,170,1,4,4,10,Entry,88,84.6,4450.7467
Env2,99,171,1,3,3,19,Entry,92,87.2,5533.9237
Env2,104,172,1,3,3,24,Entry,85,80,2577.7557
Env2,8,173,1,1,1,8,Entry,93,94,5123.5464
Env2,120,174,1,3,3,40,Entry,94,89.2,3599.8896
Env2,50,175,1,2,2,10,Entry,88,87.8,6581.3953
Env2,170,176,1,5,5,10,Entry,92,78.8,4256.5762
Env2,152,177,1,4,4,32,Entry,97,121,5507.3144
Env2,63,178,1,2,2,23,Entry,97,105.8,5495.8137
Env2,89,179,1,3,3,9,Entry,86,109.8,5217.3913
Env2,77,180,1,2,2,37,Entry,97,122.6,5553.5893
Env2,105,181,1,3,3,25,Entry,79,91.2,2682.8272
Env2,55,182,1,2,2,15,Entry,96,106.2,2945.4081
Env2,184,183,1,5,5,24,Entry,80,113.2,3515.5513
Env2,70,184,1,2,2,30,Entry,96,116.4,7181.4436
Env2,110,185,1,3,3,30,Entry,90,111.6,3217.0543
Env2,174,186,1,5,5,14,Entry,93,109.2,6026.0201
Env2,65,187,1,2,2,25,Entry,92,102.4,5285.3055
Env2,139,188,1,4,4,19,Entry,89,90,4697.6745
Env2,179,189,1,5,5,19,Entry,85,85.8,4228.7816
Env2,108,190,1,3,3,28,Entry,86,78.8,3974.856
Env2,149,191,1,4,4,29,Entry,97,86.8,4690.8678
Env2,175,192,1,5,5,15,Entry,91,89.2,5338.5064
Env2,173,193,1,5,5,13,Check,87,86.8,5105.0799
Env2,143,194,1,4,4,23,Check,90,87.4,4724.8061
Env2,90,195,1,3,3,10,Check,102,106.8,4933.5884
Env2,9,196,1,1,1,9,Check,89,99.6,5794.2453
Env2,111,197,1,3,3,31,Check,95,100.2,5004.4903
Env2,48,198,1,2,2,8,Check,88,88,5470.0436
Env2,74,199,1,2,2,34,Check,104,106.8,5402.9262
Env2,25,200,1,1,1,25,Check,100,102.8,5062.9844
Env2,396,1,2,5,10,36,Entry,90,96.4,6762.2951
Env2,237,2,2,1,6,37,Entry,91,94,3751.5168
Env2,230,3,2,1,6,30,Entry,89,95.4,5027.8686
Env2,241,4,2,2,7,1,Entry,92,95,5683.8662
Env2,216,5,2,1,6,16,Entry,92,98.2,4544.3374
Env2,381,6,2,5,10,21,Entry,93,92.4,4808.3819
Env2,319,7,2,3,8,39,Entry,89,80.6,4053.5079
Env2,336,8,2,4,9,16,Entry,91,77.6,6049.856
Env2,320,9,2,3,8,40,Entry,84,81.2,4180.5331
Env2,256,10,2,2,7,16,Entry,88,84.2,4348.9421
Env2,347,11,2,4,9,27,Entry,90,92.6,5061.0956
Env2,262,12,2,2,7,22,Entry,84,83,3650.3321
Env2,374,13,2,5,10,14,Entry,91,94,5454.4571
Env2,297,14,2,3,8,17,Entry,97,100,6308.6882
Env2,364,15,2,5,10,4,Entry,89,93.4,4575.8794
Env2,359,16,2,4,9,39,Entry,105,105.4,4074.2396
Env2,334,17,2,4,9,14,Entry,94,88.4,5023.256
Env2,370,18,2,5,10,10,Entry,95,96.2,4615.3266
Env2,290,19,2,3,8,10,Entry,93,86,4575.5341
Env2,246,20,2,2,7,6,Entry,90,92,6273.2067
Env2,354,21,2,4,9,34,Entry,95,110.2,5223.1046
Env2,300,22,2,3,8,20,Entry,96,91.4,5143.8707
Env2,236,23,2,1,6,36,Entry,90,95.2,5432.1049
Env2,243,24,2,2,7,3,Entry,96,83.6,7771.4867
Env2,277,25,2,2,7,37,Entry,95,105,5011.628
Env2,248,26,2,2,7,8,Entry,87,74.2,4422.0247
Env2,245,27,2,2,7,5,Entry,95,88.2,3700.0453
Env2,346,28,2,4,9,26,Entry,87,80.6,5083.7009
Env2,202,29,2,1,6,2,Entry,95,82.8,4698.9553
Env2,350,30,2,4,9,30,Entry,93,88.8,5677.9823
Env2,352,31,2,4,9,32,Entry,90,88.8,4664.1861
Env2,274,32,2,2,7,34,Entry,95,88.4,6201.2218
Env2,386,33,2,5,10,26,Entry,95,93.8,4940.9075
Env2,362,34,2,5,10,2,Entry,93,85.4,4871.2623
Env2,218,35,2,1,6,18,Entry,94,87.6,4571.1018
Env2,375,36,2,5,10,15,Entry,95,94.6,4487.1433
Env2,317,37,2,3,8,37,Entry,96,92.6,5530.8807
Env2,249,38,2,2,7,9,Entry,94,90.8,4964.4436
Env2,398,39,2,5,10,38,Entry,95,88.4,4768.6432
Env2,260,40,2,2,7,20,Entry,97,93.8,5039.4005
Env2,399,41,2,5,10,39,Entry,96,91.8,4502.9546
Env2,209,42,2,1,6,9,Entry,95,83.2,4661.0169
Env2,308,43,2,3,8,28,Entry,95,94.6,6079.7695
Env2,376,44,2,5,10,16,Entry,98,81.8,5513.646
Env2,340,45,2,4,9,20,Entry,95,92.2,5400
Env2,329,46,2,4,9,9,Entry,89,86.8,4130.6402
Env2,213,47,2,1,6,13,Entry,97,90.6,5670.7847
Env2,265,48,2,2,7,25,Entry,96,85.8,4055.587
Env2,333,49,2,4,9,13,Entry,98,94.8,5029.07
Env2,215,50,2,1,6,15,Entry,105,81,6021.8389
Env2,225,51,2,1,6,25,Entry,115,109.8,5314.4593
Env2,233,52,2,1,6,33,Entry,95,106.2,5164.6491
Env2,287,53,2,3,8,7,Entry,90,105.8,5229.7448
Env2,252,54,2,2,7,12,Entry,90,110.8,5703.6072
Env2,313,55,2,3,8,33,Entry,91,116.2,4830.6684
Env2,380,56,2,5,10,20,Entry,88,99.6,4228.3298
Env2,310,57,2,3,8,30,Entry,87,83,3672.8535
Env2,384,58,2,5,10,24,Entry,87,83.8,3555.1061
Env2,296,59,2,3,8,16,Entry,105,87.2,4755.5158
Env2,394,60,2,5,10,34,Entry,92,100.4,4536.9603
Env2,372,61,2,5,10,12,Entry,90,113.6,5479.6511
Env2,325,62,2,4,9,5,Entry,85,113.8,5116.7515
Env2,377,63,2,5,10,17,Entry,90,113.2,4975.2192
Env2,254,64,2,2,7,14,Entry,89,113.4,6322.6744
Env2,311,65,2,3,8,31,Entry,96,104.8,5349.8146
Env2,332,66,2,4,9,12,Entry,92,106.8,3224.5456
Env2,351,67,2,4,9,31,Entry,87,100.2,5540.5008
Env2,229,68,2,1,6,29,Entry,92,118,4868.1049
Env2,322,69,2,4,9,2,Entry,93,115.8,3802.3256
Env2,339,70,2,4,9,19,Entry,87,102.8,4111.9653
Env2,261,71,2,2,7,21,Entry,91,106.2,5326.5923
Env2,258,72,2,2,7,18,Entry,87,78.2,4166.6667
Env2,272,73,2,2,7,32,Entry,95,114.8,4069.7676
Env2,348,74,2,4,9,28,Entry,88,73.8,5414.6942
Env2,227,75,2,1,6,27,Entry,84,64.2,3819.1044
Env2,276,76,2,2,7,36,Entry,92,82.2,4702.4626
Env2,305,77,2,3,8,25,Entry,87,70.6,3888.9153
Env2,280,78,2,2,7,40,Entry,88,77,4462.4645
Env2,335,79,2,4,9,15,Entry,97,80.8,4970.4204
Env2,203,80,2,1,6,3,Entry,88,91,3989.5254
Env2,314,81,2,3,8,34,Entry,91,84.8,5058.1395
Env2,234,82,2,1,6,34,Entry,91,98.2,2490.2243
Env2,298,83,2,3,8,18,Entry,90,97.8,5224.2182
Env2,307,84,2,3,8,27,Entry,88,76.2,4116.4779
Env2,303,85,2,3,8,23,Entry,92,82.6,5023.1066
Env2,239,86,2,1,6,39,Entry,93,82.2,4672.3045
Env2,293,87,2,3,8,13,Entry,90,83.6,5343.7075
Env2,378,88,2,5,10,18,Entry,89,83.4,4062.1176
Env2,316,89,2,3,8,36,Entry,88,82.2,4779.6946
Env2,400,90,2,5,10,40,Entry,93,83.2,6435.9993
Env2,222,91,2,1,6,22,Entry,81,71.2,3611.323
Env2,283,92,2,3,8,3,Entry,91,83.2,5223.6138
Env2,267,93,2,2,7,27,Entry,97,92.2,4756.0781
Env2,221,94,2,1,6,21,Entry,91,74.8,5444.525
Env2,223,95,2,1,6,23,Entry,92,95,5370.5806
Env2,304,96,2,3,8,24,Entry,90,84.6,5190.1646
Env2,284,97,2,3,8,4,Entry,95,75.8,4524.6238
Env2,204,98,2,1,6,4,Entry,90,87,5182.52
Env2,242,99,2,2,7,2,Entry,92,87.4,5414.2443
Env2,397,100,2,5,10,37,Entry,93,86.6,4466.2601
Env2,344,101,2,4,9,24,Entry,89,86.8,5152.2027
Env2,345,102,2,4,9,25,Entry,92,88,5818.7587
Env2,328,103,2,4,9,8,Entry,91,86.2,4828.2024
Env2,271,104,2,2,7,31,Entry,89,93,6587.2566
Env2,226,105,2,1,6,26,Entry,91,92.2,5281.0078
Env2,238,106,2,1,6,38,Entry,90,91.8,4975.9755
Env2,232,107,2,1,6,32,Entry,92,87.6,5118.6427
Env2,365,108,2,5,10,5,Entry,92,93.2,6113.6898
Env2,219,109,2,1,6,19,Entry,94,84,4831.9328
Env2,330,110,2,4,9,10,Entry,89,86,5112.3706
Env2,302,111,2,3,8,22,Entry,96,89,5749.1523
Env2,214,112,2,1,6,14,Entry,94,87,5134.4771
Env2,331,113,2,4,9,11,Entry,89,91.2,5052.3255
Env2,288,114,2,3,8,8,Entry,91,85,3851.8665
Env2,383,115,2,5,10,23,Entry,88,87,4987.5074
Env2,205,116,2,1,6,5,Entry,90,81,4728.7601
Env2,390,117,2,5,10,30,Entry,93,83.8,4964.4436
Env2,210,118,2,1,6,10,Entry,92,84,5123.2464
Env2,306,119,2,3,8,26,Entry,91,83.6,6867.0058
Env2,250,120,2,2,7,10,Entry,91,89.2,5098.9309
Env2,289,121,2,3,8,9,Entry,87,88.4,6497.0931
Env2,356,122,2,4,9,36,Entry,86,87,3925.6198
Env2,327,123,2,4,9,7,Entry,89,85.8,4507.6896
Env2,247,124,2,2,7,7,Entry,88,87.8,8916.2793
Env2,257,125,2,2,7,17,Entry,88,90.8,7041.1302
Env2,355,126,2,4,9,35,Entry,89,92.6,5447.4754
Env2,253,127,2,2,7,13,Entry,91,86,4852.9554
Env2,312,128,2,3,8,32,Entry,86,90,4382.8265
Env2,353,129,2,4,9,33,Entry,92,81,4316.1216
Env2,231,130,2,1,6,31,Entry,89,89.6,5934.2081
Env2,244,131,2,2,7,4,Entry,95,83.2,5443.1369
Env2,235,132,2,1,6,35,Entry,90,92.2,5628.1906
Env2,278,133,2,2,7,38,Entry,90,98.2,5768.0538
Env2,266,134,2,2,7,26,Entry,87,90.4,5412.5582
Env2,275,135,2,2,7,35,Entry,91,87.4,5990.9929
Env2,324,136,2,4,9,4,Entry,89,75.8,5668.6046
Env2,294,137,2,3,8,14,Entry,87,79.6,4707.8368
Env2,301,138,2,3,8,21,Entry,88,87.8,5284.5528
Env2,217,139,2,1,6,17,Entry,93,85.6,4774.4585
Env2,206,140,2,1,6,6,Entry,88,88.2,5860.3715
Env2,367,141,2,5,10,7,Entry,87,84.2,5004.8048
Env2,338,142,2,4,9,18,Entry,95,88.4,5071.3311
Env2,268,143,2,2,7,28,Entry,90,90,5052.9015
Env2,342,144,2,4,9,22,Entry,90,83.8,4343.3091
Env2,212,145,2,1,6,12,Entry,88,91.2,5329.4573
Env2,299,146,2,3,8,19,Entry,91,88.2,6190.4305
Env2,369,147,2,5,10,9,Entry,92,89,5441.2644
Env2,326,148,2,4,9,6,Entry,91,99.2,6404.9587
Env2,366,149,2,5,10,6,Entry,91,92,3471.1627
Env2,361,150,2,5,10,1,Entry,92,85.8,5089.1657
Env2,343,151,2,4,9,23,Entry,88,90,5886.6279
Env2,318,152,2,3,8,38,Entry,88,90,4935.6139
Env2,224,153,2,1,6,24,Entry,93,85.4,4466.5696
Env2,240,154,2,1,6,40,Entry,90,89.6,5277.281
Env2,371,155,2,5,10,11,Entry,92,89.8,5670.7847
Env2,323,156,2,4,9,3,Entry,94,83.4,4578.0038
Env2,368,157,2,5,10,8,Entry,89,91.6,6924.7117
Env2,395,158,2,5,10,35,Entry,91,84.2,5436.2846
Env2,363,159,2,5,10,3,Entry,89,93.2,5454.4571
Env2,286,160,2,3,8,6,Entry,89,73.6,5520.7056
Env2,269,161,2,2,7,29,Entry,91,88.2,5428.8413
Env2,388,162,2,5,10,28,Entry,93,85,4413.6733
Env2,255,163,2,2,7,15,Entry,92,95,5496.8287
Env2,382,164,2,5,10,22,Entry,90,87,5329.4573
Env2,389,165,2,5,10,29,Entry,89,87.8,3447.3464
Env2,315,166,2,3,8,35,Entry,92,87.8,4834.9512
Env2,385,167,2,5,10,25,Entry,93,89.5,5047.1404
Env2,282,168,2,3,8,2,Entry,92,92.6,5176.8615
Env2,273,169,2,2,7,33,Entry,92,85.6,4734.1521
Env2,360,170,2,4,9,40,Entry,88,85.8,4877.1484
Env2,220,171,2,1,6,20,Entry,97,80.6,4620.6394
Env2,341,172,2,4,9,21,Entry,88,83.2,3465.7338
Env2,251,173,2,2,7,11,Entry,95,79.8,4170.6707
Env2,281,174,2,3,8,1,Entry,91,80.2,3829.6022
Env2,321,175,2,4,9,1,Entry,92,77.8,4999.0388
Env2,292,176,2,3,8,12,Entry,95,80,4591.9943
Env2,208,177,2,1,6,8,Entry,98,109.2,4817.2416
Env2,264,178,2,2,7,24,Entry,99,98,4783.8267
Env2,392,179,2,5,10,32,Entry,84,108,4268.4108
Env2,358,180,2,4,9,38,Entry,98,115.6,6118.6849
Env2,201,181,2,1,6,1,Entry,79,85.4,1856.2367
Env2,387,182,2,5,10,27,Entry,97,95.6,3287.9764
Env2,379,183,2,5,10,19,Entry,79,103.8,3012.9959
Env2,391,184,2,5,10,31,Entry,91,108.8,6203.914
Env2,349,185,2,4,9,29,Entry,88,103.2,3328.8486
Env2,295,186,2,3,8,15,Entry,97,112,5671.2042
Env2,291,187,2,3,8,11,Entry,92,91.2,6088.1522
Env2,285,188,2,3,8,5,Entry,88,84.8,4762.438
Env2,228,189,2,1,6,28,Entry,86,82.6,3803.4677
Env2,263,190,2,2,7,23,Entry,86,72,3146.8022
Env2,270,191,2,2,7,30,Entry,97,82,5717.5272
Env2,207,192,2,1,6,7,Entry,94,79.4,4565.8597
Env2,309,193,2,3,8,29,Check,90,90.8,5054.8815
Env2,393,194,2,5,10,33,Check,89,87,5104.935
Env2,211,195,2,1,6,11,Check,94,102,4746.5404
Env2,373,196,2,5,10,13,Check,88,89,4266.8504
Env2,357,197,2,4,9,37,Check,95,90.4,3939.554
Env2,259,198,2,2,7,19,Check,89,85.4,4420.7848
Env2,279,199,2,2,7,39,Check,100,105.2,6914.4121
Env2,337,200,2,4,9,17,Check,100,98.6,5336.2665
Env3,58,1,1,3,2,23,Entry,76,123,2642.8571
Env3,6,2,1,1,1,6,Entry,65,138,2450.841
Env3,8,3,1,1,1,8,Entry,78,124,2308.7209
Env3,5,4,1,1,1,5,Entry,77,123,2858.7209
Env3,79,5,1,1,2,2,Entry,77,136,3523.8372
Env3,160,6,1,1,4,1,Entry,79,100,2405.9007
Env3,193,7,1,5,5,33,Entry,70,107,2373.3312
Env3,184,8,1,3,5,24,Entry,73,110,3802.3258
Env3,181,9,1,3,5,21,Entry,73,111,3064.331
Env3,162,10,1,1,5,2,Entry,72,114,2957.3255
Env3,153,11,1,1,4,8,Entry,79,124,2544.9487
Env3,80,12,1,1,2,1,Entry,75,117,3222.4768
Env3,117,13,1,5,3,37,Entry,76,111,3166.0973
Env3,46,14,1,5,2,35,Entry,77,126,2941.7075
Env3,199,15,1,5,5,39,Entry,74,118,2293.0233
Env3,28,16,1,4,1,28,Entry,99,116,NA
Env3,24,17,1,3,1,24,Entry,84,118,1643.8953
Env3,170,18,1,2,5,10,Entry,85,113,1302.4709
Env3,173,19,1,2,5,13,Entry,83,112,2524.4798
Env3,10,20,1,2,1,10,Entry,78,122,3087.9099
Env3,98,21,1,3,3,18,Entry,76,121,2537.5
Env3,177,22,1,3,5,17,Entry,72,112,2136.4617
Env3,21,23,1,3,1,21,Entry,78,124,2906.3371
Env3,71,24,1,2,2,10,Entry,77,101,3525.9018
Env3,144,25,1,3,4,17,Entry,79,107,2137.0639
Env3,113,26,1,5,3,33,Entry,69,99,2237.9362
Env3,84,27,1,1,3,4,Entry,77,123,2003.0887
Env3,37,28,1,5,1,37,Entry,72,105,2620.8939
Env3,50,29,1,4,2,31,Entry,78,113,2845.0908
Env3,124,30,1,5,4,37,Entry,77,114,2375.4287
Env3,122,31,1,5,4,39,Entry,77,120,2358.3575
Env3,59,32,1,3,2,22,Entry,72,121,2726.427
Env3,126,33,1,5,4,35,Entry,73,111,2532.6162
Env3,114,34,1,5,3,34,Entry,77,101,2135.8867
Env3,94,35,1,2,3,14,Entry,77,103,3619.5529
Env3,17,36,1,3,1,17,Entry,68,108,2082.3644
Env3,3,37,1,1,1,3,Entry,76,108,2636.8023
Env3,106,38,1,4,3,26,Entry,76,122,3323.7283
Env3,107,39,1,4,3,27,Entry,78,105,1959.9273
Env3,148,40,1,2,4,13,Entry,79,107,2382.2674
Env3,178,41,1,3,5,18,Entry,78,110,3690.0072
Env3,39,42,1,5,1,39,Entry,78,105,2833.114
Env3,91,43,1,2,3,11,Entry,77,116,3720.8154
Env3,121,44,1,5,4,40,Entry,79,111,3228.9542
Env3,179,45,1,3,5,19,Entry,76,121,3255.9999
Env3,190,46,1,4,5,30,Entry,78,109,2913.0814
Env3,139,47,1,3,4,22,Entry,77,108,1867.4418
Env3,12,48,1,2,1,12,Entry,80,108,1654.6366
Env3,52,49,1,4,2,29,Entry,73,111,2983.4302
Env3,128,50,1,5,4,33,Entry,92,110,1490.625
Env3,63,51,1,3,2,18,Entry,82,126,2187.5001
Env3,156,52,1,1,4,5,Entry,76,139,3651.7441
Env3,176,53,1,2,5,16,Entry,76,122,2868.4666
Env3,163,54,1,1,5,3,Entry,76,122,1790.6977
Env3,15,55,1,2,1,15,Entry,74,119,1901.6351
Env3,136,56,1,4,4,25,Entry,80,134,2708.7572
Env3,31,57,1,4,1,31,Entry,87,104,1631.25
Env3,53,58,1,4,2,28,Entry,92,110,1451.7442
Env3,155,59,1,1,4,6,Entry,95,100,NA
Env3,16,60,1,2,1,16,Entry,81,120,3556.5043
Env3,67,61,1,2,2,14,Entry,78,122,2375.7122
Env3,111,62,1,4,3,31,Entry,77,139,2734.5567
Env3,110,63,1,4,3,30,Entry,75,130,1555.3779
Env3,150,64,1,2,4,11,Entry,76,135,2221.8096
Env3,47,65,1,5,2,34,Entry,82,131,3060.9811
Env3,89,66,1,2,3,9,Entry,77,117,2612.4709
Env3,161,67,1,1,5,1,Entry,78,128,2791.5915
Env3,188,68,1,4,5,28,Entry,80,128,2875.029
Env3,131,69,1,4,4,30,Entry,84,125,2368.75
Env3,134,70,1,4,4,27,Entry,78,127,2914.7529
Env3,175,71,1,2,5,15,Entry,78,127,2797.9868
Env3,189,72,1,4,5,29,Entry,71,108,2942.8742
Env3,74,73,1,1,2,7,Entry,78,135,2954.6511
Env3,1,74,1,1,1,1,Entry,68,104,3385.8896
Env3,33,75,1,5,1,33,Entry,71,98,3269.5857
Env3,78,76,1,1,2,3,Entry,71,116,1982.4491
Env3,115,77,1,5,3,35,Entry,72,94,3229.7674
Env3,154,78,1,1,4,7,Entry,71,109,1976.1628
Env3,146,79,1,2,4,15,Entry,74,117,3052.3257
Env3,14,80,1,2,1,14,Entry,72,126,3772.4631
Env3,165,81,1,1,5,5,Entry,84,114,2970.0726
Env3,55,82,1,4,2,26,Entry,78,115,2671.3299
Env3,123,83,1,5,4,38,Entry,80,117,2136.0465
Env3,43,84,1,5,2,38,Entry,80,105,3468.0667
Env3,88,85,1,1,3,8,Entry,80,112,2365.7339
Env3,13,86,1,2,1,13,Entry,69,113,2915.625
Env3,29,87,1,4,1,29,Entry,70,112,2015.5815
Env3,69,88,1,2,2,12,Entry,76,112,1248.3285
Env3,182,89,1,3,5,22,Entry,71,110,3838.0595
Env3,90,90,1,2,3,10,Entry,72,112,4162.1729
Env3,72,91,1,2,2,9,Entry,73,108,1649.3459
Env3,11,92,1,2,1,11,Entry,78,113,3082.5581
Env3,141,93,1,3,4,20,Entry,85,111,3157.6746
Env3,26,94,1,4,1,26,Entry,80,111,1856.25
Env3,42,95,1,5,2,39,Entry,77,120,3039.5929
Env3,187,96,1,4,5,27,Entry,78,119,2968.8226
Env3,38,97,1,5,1,38,Entry,81,106,2211.606
Env3,164,98,1,1,5,4,Entry,81,116,2355.5234
Env3,185,99,1,4,5,25,Entry,78,110,2306.7442
Env3,83,100,1,1,3,3,Entry,78,111,1321.4389
Env3,100,101,1,3,3,20,Entry,79,111,3227.7253
Env3,118,102,1,5,3,38,Entry,77,115,2511.192
Env3,92,103,1,2,3,12,Entry,80,118,2349.0697
Env3,19,104,1,3,1,19,Entry,80,113,2919.4767
Env3,133,105,1,4,4,28,Entry,78,105,3823.9789
Env3,151,106,1,2,4,10,Entry,83,112,2286.7005
Env3,157,107,1,1,4,4,Entry,80,119,2727.8778
Env3,62,108,1,3,2,19,Entry,77,114,3091.7878
Env3,41,109,1,5,2,40,Entry,79,112,1764.0262
Env3,95,110,1,2,3,15,Entry,78,113,3250.7559
Env3,140,111,1,3,4,21,Entry,79,113,2293.3212
Env3,61,112,1,3,2,20,Entry,78,112,3576.4461
Env3,2,113,1,1,1,2,Entry,80,116,2501.279
Env3,40,114,1,5,1,40,Entry,78,119,2538.9535
Env3,129,115,1,4,4,32,Entry,78,111,2338.2994
Env3,64,116,1,3,2,17,Entry,80,115,2974.8183
Env3,32,117,1,4,1,32,Entry,77,114,3139.2078
Env3,65,118,1,2,2,16,Entry,78,115,3552.4164
Env3,195,119,1,5,5,35,Entry,79,117,3897.9288
Env3,119,120,1,5,3,39,Entry,77,116,1652.4164
Env3,87,121,1,1,3,7,Entry,78,116,3315.5343
Env3,27,122,1,4,1,27,Entry,79,112,1931.25
Env3,18,123,1,3,1,18,Entry,78,117,2772.4273
Env3,49,124,1,4,2,32,Entry,77,115,3878.779
Env3,143,125,1,3,4,18,Entry,79,110,2561.3372
Env3,167,126,1,1,5,7,Entry,77,111,3959.2949
Env3,172,127,1,2,5,12,Entry,78,114,3283.3865
Env3,200,128,1,5,5,40,Entry,72,117,2479.6801
Env3,192,129,1,4,5,32,Entry,78,110,3238.8554
Env3,82,130,1,1,3,2,Entry,77,122,3654.9418
Env3,180,131,1,3,5,20,Entry,82,115,2826.6677
Env3,108,132,1,4,3,28,Entry,80,115,1681.686
Env3,183,133,1,3,5,23,Entry,76,122,3587.7906
Env3,4,134,1,1,1,4,Entry,80,114,2772.5292
Env3,48,135,1,5,2,33,Entry,80,113,2542.1511
Env3,149,136,1,2,4,12,Entry,77,114,2928.9353
Env3,186,137,1,4,5,26,Entry,82,111,2693.9316
Env3,25,138,1,4,1,25,Entry,79,114,2207.7616
Env3,158,139,1,1,4,3,Entry,79,112,2157.3837
Env3,54,140,1,4,2,27,Entry,78,108,3236.737
Env3,23,141,1,3,1,23,Entry,76,121,2399.6366
Env3,197,142,1,5,5,37,Entry,80,105,2879.9782
Env3,103,143,1,3,3,23,Entry,76,114,3744.4767
Env3,30,144,1,4,1,30,Entry,80,113,3846.6861
Env3,112,145,1,4,3,32,Entry,76,115,3224.0152
Env3,145,146,1,2,4,16,Entry,78,113,2740.8793
Env3,135,147,1,4,4,26,Entry,76,112,2835.7195
Env3,102,148,1,3,3,22,Entry,78,110,2820.2944
Env3,36,149,1,5,1,36,Entry,78,119,3236.0465
Env3,159,150,1,1,4,2,Entry,78,113,2869.863
Env3,86,151,1,1,3,6,Entry,72,115,3253.4287
Env3,60,152,1,3,2,21,Entry,77,116,3156.1046
Env3,152,153,1,2,4,9,Entry,73,123,2637.5
Env3,132,154,1,4,4,29,Entry,74,125,2272.3546
Env3,51,155,1,4,2,30,Entry,76,118,3607.0857
Env3,9,156,1,2,1,9,Entry,81,120,2294.7384
Env3,81,157,1,1,3,1,Entry,77,117,2350.8139
Env3,137,158,1,3,4,24,Entry,79,115,1964.5349
Env3,174,159,1,2,5,14,Entry,76,115,2918.75
Env3,7,160,1,1,1,7,Entry,73,120,1916.2501
Env3,171,161,1,2,5,11,Entry,79,114,2804.3604
Env3,191,162,1,4,5,31,Entry,72,116,2794.7093
Env3,142,163,1,3,4,19,Entry,76,112,2445.872
Env3,169,164,1,2,5,9,Entry,78,112,2020.9302
Env3,198,165,1,5,5,38,Entry,79,110,3242.9614
Env3,101,166,1,3,3,21,Entry,78,112,2212.5001
Env3,75,167,1,1,2,6,Entry,72,119,2315.1162
Env3,99,168,1,3,3,19,Entry,78,109,2239.3895
Env3,196,169,1,5,5,36,Entry,70,104,3052.974
Env3,44,170,1,5,2,37,Entry,78,110,2810.6469
Env3,109,171,1,4,3,29,Entry,71,100,3936.3372
Env3,45,172,1,5,2,36,Entry,71,114,3217.0638
Env3,166,173,1,1,5,6,Entry,74,109,3325.6579
Env3,96,174,1,2,3,16,Entry,71,111,1987.6743
Env3,168,175,1,1,5,8,Entry,72,100,2579.6511
Env3,130,176,1,4,4,31,Entry,76,105,3396.875
Env3,70,177,1,2,2,11,Entry,76,142,1334.7675
Env3,105,178,1,4,3,25,Entry,97,128,NA
Env3,93,179,1,2,3,13,Entry,70,137,3437.2923
Env3,73,180,1,1,2,8,Entry,85,136,1317.4418
Env3,35,181,1,5,1,35,Entry,68,134,2709.0662
Env3,68,182,1,2,2,13,Entry,71,135,1805.7703
Env3,34,183,1,5,1,34,Entry,71,149,1238.5902
Env3,77,184,1,1,2,4,Entry,97,142,NA
Env3,20,185,1,3,1,20,Entry,65,142,2699.782
Env3,147,186,1,2,4,14,Entry,78,141,3690.0072
Env3,104,187,1,3,3,24,Entry,75,114,2376.3662
Env3,85,188,1,1,3,5,Entry,83,111,2954.6511
Env3,56,189,1,4,2,25,Entry,71,111,3141.7589
Env3,76,190,1,1,2,5,Entry,71,120,1627.5
Env3,138,191,1,3,4,23,Entry,77,105,3565.596
Env3,120,192,1,5,3,40,Entry,73,110,2916.279
Env3,22,193,1,3,1,22,Check,71,127,3830.1019
Env3,97,194,1,3,3,17,Check,74,113,3162.5399
Env3,57,195,1,3,2,24,Check,94,128,NA
Env3,125,196,1,5,4,36,Check,73,119,2803.9867
Env3,194,197,1,5,5,34,Check,76,111,2423.8372
Env3,66,198,1,2,2,15,Check,79,118,2159.5253
Env3,127,199,1,5,4,34,Check,76,123,3389.4883
Env3,116,200,1,5,3,36,Check,94,113,NA
Env3,389,1,2,4,10,29,Entry,77,124,2414.4632
Env3,331,2,2,4,9,30,Entry,66,133,2493.8517
Env3,216,3,2,2,6,16,Entry,78,126,2437.6091
Env3,250,4,2,4,7,31,Entry,77,120,2533.1091
Env3,373,5,2,2,10,13,Entry,78,140,3727.2325
Env3,335,6,2,4,9,26,Entry,80,99,2632.798
Env3,344,7,2,3,9,17,Entry,69,106,2622.093
Env3,255,8,2,4,7,26,Entry,73,107,3668.9679
Env3,227,9,2,4,6,27,Entry,73,113,3152.9069
Env3,209,10,2,2,6,9,Entry,72,112,3181.9403
Env3,289,11,2,2,8,9,Entry,78,120,2706.25
Env3,341,12,2,3,9,20,Entry,76,114,3290.952
Env3,262,13,2,3,7,19,Entry,76,109,3354.1788
Env3,394,14,2,5,10,34,Entry,78,131,3135.1164
Env3,351,15,2,2,9,10,Entry,73,113,2491.7078
Env3,328,16,2,5,9,33,Entry,98,119,NA
Env3,207,17,2,1,6,7,Entry,84,115,1982.1584
Env3,288,18,2,1,8,8,Entry,85,110,1026.2536
Env3,248,19,2,5,7,33,Entry,84,110,2852.3982
Env3,256,20,2,4,7,25,Entry,78,116,3807.2964
Env3,333,21,2,4,9,28,Entry,76,126,2299.971
Env3,378,22,2,3,10,18,Entry,73,115,2361.8896
Env3,365,23,2,1,10,5,Entry,77,123,2724.4186
Env3,222,24,2,3,6,22,Entry,76,104,3683.7209
Env3,242,25,2,5,7,39,Entry,80,112,2116.8604
Env3,370,26,2,2,10,10,Entry,68,94,2746.33
Env3,392,27,2,4,10,32,Entry,78,124,2111.7732
Env3,220,28,2,3,6,20,Entry,73,101,2948.2558
Env3,353,29,2,1,9,8,Entry,79,109,2955.8866
Env3,285,30,2,1,8,5,Entry,77,110,2747.1801
Env3,390,31,2,4,10,30,Entry,78,118,2334.473
Env3,322,32,2,5,9,39,Entry,73,118,2797.1148
Env3,325,33,2,5,9,36,Entry,74,112,2705.5815
Env3,361,34,2,1,10,1,Entry,78,99,2356.6571
Env3,318,35,2,5,8,38,Entry,78,103,3223.2558
Env3,295,36,2,2,8,15,Entry,69,111,2080.1453
Env3,364,37,2,1,10,4,Entry,76,104,2204.2151
Env3,343,38,2,3,9,18,Entry,77,116,3182.2674
Env3,204,39,2,1,6,4,Entry,78,109,1659.0407
Env3,349,40,2,2,9,12,Entry,79,104,2158.1687
Env3,234,41,2,5,6,34,Entry,77,110,3041.2064
Env3,210,42,2,2,6,10,Entry,78,108,2497.3837
Env3,239,43,2,5,6,39,Entry,77,123,3774.6366
Env3,221,44,2,3,6,21,Entry,79,107,3569.1859
Env3,340,45,2,3,9,21,Entry,76,113,3448.0885
Env3,253,46,2,4,7,28,Entry,77,108,3025
Env3,205,47,2,1,6,5,Entry,77,111,1321.4389
Env3,244,48,2,5,7,37,Entry,81,107,1526.4535
Env3,348,49,2,2,9,13,Entry,72,113,2638.6481
Env3,312,50,2,4,8,32,Entry,93,114,1316.1373
Env3,310,51,2,4,8,30,Entry,83,122,2472.1874
Env3,296,52,2,2,8,16,Entry,77,133,3831.25
Env3,347,53,2,2,9,14,Entry,77,126,2520.4214
Env3,282,54,2,1,8,2,Entry,76,122,1685.6867
Env3,283,55,2,1,8,3,Entry,75,125,1987.3911
Env3,345,56,2,2,9,16,Entry,79,135,2791.6062
Env3,213,57,2,2,6,13,Entry,88,104,1351.29
Env3,246,58,2,5,7,35,Entry,91,106,1869.2587
Env3,367,59,2,1,10,7,Entry,94,93,NA
Env3,264,60,2,3,7,17,Entry,80,117,3500
Env3,240,61,2,5,6,40,Entry,78,123,2017.1002
Env3,274,62,2,1,7,7,Entry,78,134,2967.1513
Env3,231,63,2,4,6,31,Entry,75,131,1354.2732
Env3,368,64,2,1,10,8,Entry,77,134,1835.1018
Env3,233,65,2,5,6,33,Entry,80,129,2179.7528
Env3,218,66,2,3,6,18,Entry,78,115,2454.128
Env3,225,67,2,4,6,25,Entry,79,128,2526.9185
Env3,237,68,2,5,6,37,Entry,80,126,2499.0699
Env3,400,69,2,5,10,40,Entry,83,124,2406.1046
Env3,280,70,2,1,7,1,Entry,78,121,2354.3604
Env3,391,71,2,4,10,31,Entry,79,131,2030.487
Env3,320,72,2,5,8,40,Entry,71,105,2794.186
Env3,382,73,2,3,10,22,Entry,78,130,2405.4507
Env3,388,74,2,4,10,28,Entry,68,102,2908.4302
Env3,359,75,2,1,9,2,Entry,70,94,3523.8372
Env3,202,76,2,1,6,2,Entry,72,113,1509.3023
Env3,286,77,2,1,8,6,Entry,73,99,2892.4563
Env3,215,78,2,2,6,15,Entry,70,104,1714.0261
Env3,308,79,2,4,8,28,Entry,74,120,2761.8459
Env3,339,80,2,3,9,22,Entry,73,122,3383.1395
Env3,235,81,2,5,6,35,Entry,83,110,2579.6511
Env3,366,82,2,1,10,6,Entry,79,115,1927.0058
Env3,268,83,2,2,7,13,Entry,80,114,2092.9069
Env3,355,84,2,1,9,6,Entry,80,104,3628.561
Env3,297,85,2,3,8,17,Entry,81,107,2140.9157
Env3,275,86,2,1,7,6,Entry,70,113,2414.0735
Env3,230,87,2,4,6,30,Entry,71,111,2935.4651
Env3,330,88,2,4,9,31,Entry,77,114,3229.5565
Env3,375,89,2,2,10,15,Entry,71,112,3056.4098
Env3,270,90,2,2,7,11,Entry,73,114,4013.0813
Env3,299,91,2,3,8,19,Entry,73,111,2807.3291
Env3,232,92,2,4,6,32,Entry,79,109,2766.1702
Env3,379,93,2,3,10,19,Entry,84,109,3255.2325
Env3,350,94,2,2,9,11,Entry,80,109,1424.5421
Env3,303,95,2,3,8,23,Entry,77,113,3053.779
Env3,313,96,2,5,8,33,Entry,78,115,2813.8955
Env3,369,97,2,2,10,9,Entry,82,101,2086.221
Env3,356,98,2,1,9,5,Entry,80,115,2537.6454
Env3,371,99,2,2,10,11,Entry,79,107,1726.9622
Env3,290,100,2,2,8,10,Entry,78,115,1019.4985
Env3,326,101,2,5,9,35,Entry,78,107,3649.7092
Env3,224,102,2,3,6,24,Entry,78,113,2105.5379
Env3,362,103,2,1,10,2,Entry,81,112,2524.5422
Env3,332,104,2,4,9,29,Entry,80,111,2852.3982
Env3,323,105,2,5,9,38,Entry,79,109,3811.6279
Env3,247,106,2,5,7,34,Entry,82,113,1785.6031
Env3,363,107,2,1,10,3,Entry,80,114,2640.7704
Env3,243,108,2,5,7,38,Entry,77,115,2711.6279
Env3,384,109,2,3,10,24,Entry,80,110,1542.1294
Env3,214,110,2,2,6,14,Entry,79,115,2922.6744
Env3,273,111,2,1,7,8,Entry,80,111,1991.0755
Env3,291,112,2,2,8,11,Entry,79,115,2779.7965
Env3,281,113,2,1,8,1,Entry,80,113,1989.6367
Env3,292,114,2,2,8,12,Entry,77,122,3106.3298
Env3,223,115,2,3,6,23,Entry,78,106,2299.3822
Env3,360,116,2,1,9,1,Entry,81,113,2251.1628
Env3,374,117,2,2,10,14,Entry,78,110,3210.4651
Env3,307,118,2,4,8,27,Entry,80,115,3521.8386
Env3,309,119,2,4,8,29,Entry,79,112,3575
Env3,241,120,2,5,7,40,Entry,77,113,1291.9913
Env3,327,121,2,5,9,34,Entry,78,114,2962.8381
Env3,386,122,2,4,10,26,Entry,80,113,1777.907
Env3,376,123,2,2,10,16,Entry,79,116,1835.5813
Env3,266,124,2,2,7,15,Entry,78,111,3581.3953
Env3,316,125,2,5,8,36,Entry,78,115,3255.2325
Env3,298,126,2,3,8,18,Entry,78,112,3620.4068
Env3,267,127,2,2,7,14,Entry,78,114,2987.6745
Env3,380,128,2,3,10,20,Entry,72,110,2730.8139
Env3,301,129,2,3,8,21,Entry,79,112,3114.5348
Env3,260,130,2,3,7,21,Entry,76,120,3787.5
Env3,245,131,2,5,7,36,Entry,81,117,2652.3836
Env3,396,132,2,5,10,36,Entry,80,115,1636.8642
Env3,337,133,2,3,9,24,Entry,75,127,3259.535
Env3,342,134,2,3,9,19,Entry,79,115,2168.6773
Env3,229,135,2,4,6,29,Entry,81,113,2420.814
Env3,302,136,2,3,8,22,Entry,78,117,2608.561
Env3,334,137,2,4,9,27,Entry,81,110,2762.7907
Env3,383,138,2,3,10,23,Entry,80,114,1901.628
Env3,236,139,2,5,6,36,Entry,78,113,2038.3321
Env3,228,140,2,4,6,28,Entry,79,113,3104.6075
Env3,238,141,2,5,6,38,Entry,78,118,2032.7398
Env3,211,142,2,2,6,11,Entry,79,103,2772.5364
Env3,226,143,2,4,6,26,Entry,76,117,3544.4767
Env3,287,144,2,1,8,7,Entry,80,111,3616.5697
Env3,321,145,2,5,9,40,Entry,77,113,3205.625
Env3,381,146,2,3,10,21,Entry,79,114,2244.404
Env3,219,147,2,3,6,19,Entry,77,115,2858.8662
Env3,293,148,2,2,8,13,Entry,79,113,2826.7441
Env3,306,149,2,4,8,26,Entry,79,117,3125.8432
Env3,395,150,2,5,10,35,Entry,79,115,2942.7906
Env3,311,151,2,4,8,31,Entry,73,115,3408.7209
Env3,212,152,2,2,6,12,Entry,77,112,3415.1162
Env3,324,153,2,5,9,37,Entry,74,123,3555.8139
Env3,393,154,2,5,10,33,Entry,75,126,2725.1273
Env3,329,155,2,4,9,32,Entry,77,121,3483.0305
Env3,377,156,2,3,10,17,Entry,82,114,2047.6018
Env3,279,157,2,1,7,2,Entry,78,114,2219.2696
Env3,385,158,2,4,10,25,Entry,80,115,1655.8139
Env3,217,159,2,3,6,17,Entry,77,114,3719.1133
Env3,258,160,2,3,7,23,Entry,71,115,1593.8044
Env3,357,161,2,1,9,4,Entry,79,114,2933.1831
Env3,201,162,2,1,6,1,Entry,73,112,3939.0261
Env3,263,163,2,3,7,18,Entry,76,114,3440.276
Env3,399,164,2,5,10,39,Entry,79,110,1893.0014
Env3,317,165,2,5,8,37,Entry,80,113,3078.4228
Env3,346,166,2,2,9,15,Entry,80,111,2040.1163
Env3,271,167,2,2,7,10,Entry,74,123,1976.1628
Env3,305,168,2,4,8,25,Entry,79,116,2985.3199
Env3,257,169,2,3,7,24,Entry,69,105,2956.25
Env3,203,170,2,1,6,3,Entry,76,113,2291.9695
Env3,269,171,2,2,7,12,Entry,70,98,4027.5436
Env3,276,172,2,1,7,5,Entry,71,114,3466.279
Env3,261,173,2,3,7,20,Entry,73,106,3459.8837
Env3,300,174,2,3,8,20,Entry,72,112,2829.8545
Env3,354,175,2,1,9,7,Entry,71,97,2785.0436
Env3,319,176,2,5,8,39,Entry,76,105,3299.444
Env3,372,177,2,2,10,12,Entry,77,148,1513.5174
Env3,304,178,2,3,8,24,Entry,95,127,NA
Env3,284,179,2,1,8,4,Entry,70,133,2983.4302
Env3,251,180,2,4,7,30,Entry,86,131,1343.0232
Env3,249,181,2,4,7,32,Entry,68,131,2327.9069
Env3,294,182,2,2,8,14,Entry,71,132,1521.8241
Env3,315,183,2,5,8,35,Entry,71,145,1742.3693
Env3,314,184,2,5,8,34,Entry,95,139,NA
Env3,272,185,2,2,7,9,Entry,66,141,2437.5
Env3,278,186,2,1,7,3,Entry,77,146,3950.6467
Env3,397,187,2,5,10,37,Entry,75,112,2261.1359
Env3,338,188,2,3,9,23,Entry,83,114,2027.6162
Env3,277,189,2,1,7,4,Entry,72,116,2692.7034
Env3,398,190,2,5,10,38,Entry,73,115,1571.7296
Env3,259,191,2,3,7,22,Entry,76,105,3279.0697
Env3,352,192,2,2,9,9,Entry,71,111,3270.6976
Env3,254,193,2,4,7,27,Check,71,122,3664.1351
Env3,265,194,2,2,7,16,Check,73,116,3023.7101
Env3,358,195,2,1,9,3,Check,96,126,NA
Env3,387,196,2,4,10,27,Check,74,115,3594.6801
Env3,206,197,2,1,6,6,Check,76,112,3103.6046
Env3,336,198,2,4,9,25,Check,79,119,2454.5786
Env3,252,199,2,4,7,29,Check,77,120,3523.8372
Env3,208,200,2,1,6,8,Check,93,113,NA
Env5,59,1,1,2,2,19,Entry,109,93.8,5662
Env5,19,2,1,1,1,19,Entry,100,107,4637.4
Env5,27,3,1,1,1,27,Entry,97,91.6,3389.8
Env5,127,4,1,4,4,7,Entry,105,79,4622.1
Env5,132,5,1,4,4,12,Entry,102,100.2,4337
Env5,92,6,1,3,3,12,Entry,108,73.2,5763.1
Env5,106,7,1,3,3,26,Entry,105,78,5381.7
Env5,82,8,1,3,3,2,Entry,105,80.4,9394.9
Env5,199,9,1,5,5,39,Entry,98,72.6,4564.8
Env5,57,10,1,2,2,17,Entry,95,71.4,4977
Env5,68,11,1,2,2,28,Entry,109,79.4,4669.2
Env5,44,12,1,2,2,4,Entry,102,83.6,5583.9
Env5,131,13,1,4,4,11,Entry,110,78.8,4501.5
Env5,96,14,1,3,3,16,Entry,115,96,5794.6
Env5,145,15,1,4,4,25,Entry,97,88.4,4104.4
Env5,163,16,1,5,5,3,Entry,115,84.8,4733
Env5,3,17,1,1,1,3,Entry,103,92.2,3871.9
Env5,24,18,1,1,1,24,Entry,115,98.2,8391.7
Env5,38,19,1,1,1,38,Entry,113,75,4062.8
Env5,181,20,1,5,5,21,Entry,105,72.4,4624.4
Env5,75,21,1,2,2,35,Entry,111,97.6,4656.4
Env5,21,22,1,1,1,21,Entry,107,80.2,3808.9
Env5,200,23,1,5,5,40,Entry,109,87.2,5222.5
Env5,190,24,1,5,5,30,Entry,115,75,3545.4
Env5,134,25,1,4,4,14,Entry,115,101.4,6662.5
Env5,60,26,1,2,2,20,Entry,102,66.4,5451.9
Env5,161,27,1,5,5,1,Entry,115,71.6,2610.2
Env5,12,28,1,1,1,12,Entry,108,73.6,4570.4
Env5,49,29,1,2,2,9,Entry,115,90.4,4510.1
Env5,72,30,1,2,2,32,Entry,105,89,8076.3
Env5,193,31,1,5,5,33,Entry,105,77.4,5154.4
Env5,122,32,1,4,4,2,Entry,97,82.2,6085.4
Env5,133,33,1,4,4,13,Entry,110,85,5142.6
Env5,119,34,1,3,3,39,Entry,115,85,8761
Env5,180,35,1,5,5,20,Entry,115,81.6,4883.7
Env5,53,36,1,2,2,13,Entry,115,79.8,5387.6
Env5,164,37,1,5,5,4,Entry,115,91,8987.4
Env5,171,38,1,5,5,11,Entry,112,86.2,4287.2
Env5,35,39,1,1,1,35,Entry,115,84,4881.3
Env5,176,40,1,5,5,16,Entry,115,89.6,6349.4
Env5,198,41,1,5,5,38,Entry,111,94.8,3937.4
Env5,124,42,1,4,4,4,Entry,110,95.4,3023.3
Env5,187,43,1,5,5,27,Entry,109,84.6,6910.5
Env5,1,44,1,1,1,1,Entry,115,85,6610.8
Env5,66,45,1,2,2,26,Entry,115,87,5629.3
Env5,86,46,1,3,3,6,Entry,108,77.2,5127.4
Env5,148,47,1,4,4,28,Entry,115,82,5480.4
Env5,40,48,1,1,1,40,Entry,115,71.8,2800.7
Env5,182,49,1,5,5,22,Entry,115,85.6,3765.6
Env5,16,50,1,1,1,16,Entry,115,72.2,1212.2
Env5,144,51,1,4,4,24,Entry,115,112.6,9094.8
Env5,62,52,1,2,2,22,Entry,105,100.6,5144.6
Env5,88,53,1,3,3,8,Entry,108,104,6155.1
Env5,153,54,1,4,4,33,Entry,105,103.6,5482.9
Env5,150,55,1,4,4,30,Entry,105,100.6,5137.7
Env5,46,56,1,2,2,6,Entry,102,95.2,2031.2
Env5,81,57,1,3,3,1,Entry,94,77,5006.8
Env5,101,58,1,3,3,21,Entry,100,79.2,5550.3
Env5,15,59,1,1,1,15,Entry,115,90.4,6424.2
Env5,32,60,1,1,1,32,Entry,99,83.4,3532.4
Env5,76,61,1,2,2,36,Entry,102,114,6337.9
Env5,168,62,1,5,5,8,Entry,99,115.6,2932.9
Env5,123,63,1,4,4,3,Entry,105,100.6,3307.7
Env5,93,64,1,3,3,13,Entry,105,104.4,5463.6
Env5,195,65,1,5,5,35,Entry,105,100.8,5023.3
Env5,13,66,1,1,1,13,Entry,109,89.4,4520.2
Env5,147,67,1,4,4,27,Entry,108,95.4,5001.1
Env5,146,68,1,4,4,26,Entry,109,97.8,3465.3
Env5,121,69,1,4,4,1,Entry,105,105.8,5278.1
Env5,58,70,1,2,2,18,Entry,98,91.2,1390.8
Env5,142,71,1,4,4,22,Entry,93,88.2,2702
Env5,158,72,1,4,4,38,Entry,95,77.8,3381.5
Env5,33,73,1,1,1,33,Entry,110,114.2,8864.5
Env5,29,74,1,1,1,29,Entry,101,77.2,4288.4
Env5,11,75,1,1,1,11,Entry,105,66.4,4567.3
Env5,117,76,1,3,3,37,Entry,105,86,5841.3
Env5,67,77,1,2,2,27,Entry,101,77.2,3605.8
Env5,98,78,1,3,3,18,Entry,96,67.6,3461.5
Env5,125,79,1,4,4,5,Entry,95,88,6916
Env5,138,80,1,4,4,18,Entry,105,89.2,4669.3
Env5,102,81,1,3,3,22,Entry,105,73,4785.3
Env5,113,82,1,3,3,33,Entry,101,101.8,6835.3
Env5,54,83,1,2,2,14,Entry,102,94.6,5900.4
Env5,26,84,1,1,1,26,Entry,113,69,2733.1
Env5,192,85,1,5,5,32,Entry,103,71.6,5921.7
Env5,37,86,1,1,1,37,Entry,95,74.4,4419.6
Env5,157,87,1,4,4,37,Entry,95,84.6,5482.5
Env5,109,88,1,3,3,29,Entry,101,91.2,7954.5
Env5,155,89,1,4,4,35,Entry,103,83.6,5612.9
Env5,85,90,1,3,3,5,Entry,105,80.4,7136.1
Env5,126,91,1,4,4,6,Entry,100,83.4,5519.5
Env5,31,92,1,1,1,31,Entry,100,90.8,6365.5
Env5,84,93,1,3,3,4,Entry,115,86.2,5081.3
Env5,23,94,1,1,1,23,Entry,97,80.2,6333.4
Env5,7,95,1,1,1,7,Entry,105,83.4,4519.4
Env5,154,96,1,4,4,34,Entry,105,83,6229.2
Env5,45,97,1,2,2,5,Entry,111,76.4,5271.3
Env5,78,98,1,2,2,38,Entry,101,80.8,7943.5
Env5,56,99,1,2,2,16,Entry,103,95.8,3475.6
Env5,156,100,1,4,4,36,Entry,100,77.4,5875.2
Env5,61,101,1,2,2,21,Entry,101,76,3990.8
Env5,94,102,1,3,3,14,Entry,95,91.8,8822.9
Env5,135,103,1,4,4,15,Entry,105,75.2,5052.7
Env5,112,104,1,3,3,32,Entry,101,78,5374
Env5,95,105,1,3,3,15,Entry,105,77.8,5172
Env5,80,106,1,2,2,40,Entry,100,93.2,9041.3
Env5,41,107,1,2,2,1,Entry,95,82.2,7408.5
Env5,18,108,1,1,1,18,Entry,105,78.2,5842.3
Env5,83,109,1,3,3,3,Entry,105,95.6,11593.3
Env5,91,110,1,3,3,11,Entry,97,89.2,7077.5
Env5,100,111,1,3,3,20,Entry,110,93.6,6824.4
Env5,177,112,1,5,5,17,Entry,99,88,6383.7
Env5,172,113,1,5,5,12,Entry,105,77,5587.9
Env5,10,114,1,1,1,10,Entry,99,85,3813.5
Env5,64,115,1,2,2,24,Entry,105,79.4,9976.9
Env5,6,116,1,1,1,6,Entry,105,77.8,5431.5
Env5,151,117,1,4,4,31,Entry,99,80.2,6468.7
Env5,167,118,1,5,5,7,Entry,100,90.4,7996.9
Env5,185,119,1,5,5,25,Entry,102,74.8,9378.8
Env5,129,120,1,4,4,9,Entry,101,78.6,4784.6
Env5,52,121,1,2,2,12,Entry,102,78.6,4161.8
Env5,39,122,1,1,1,39,Entry,111,95,9492
Env5,5,123,1,1,1,5,Entry,100,88,8988.6
Env5,137,124,1,4,4,17,Entry,105,75.2,4464.3
Env5,165,125,1,5,5,5,Entry,103,88.4,7493.2
Env5,160,126,1,4,4,40,Entry,100,78.2,6359
Env5,51,127,1,2,2,11,Entry,100,81.6,6660.3
Env5,69,128,1,2,2,29,Entry,101,82.2,4216.4
Env5,34,129,1,1,1,34,Entry,100,76.6,4883.7
Env5,162,130,1,5,5,2,Entry,102,74.2,6251.5
Env5,2,131,1,1,1,2,Entry,101,89.6,8654.8
Env5,136,132,1,4,4,16,Entry,101,90.2,7044
Env5,196,133,1,5,5,36,Entry,101,80,4640.3
Env5,71,134,1,2,2,31,Entry,105,93.6,8409.3
Env5,36,135,1,1,1,36,Entry,105,96.6,9997.9
Env5,103,136,1,3,3,23,Entry,95,93.8,5903.1
Env5,73,137,1,2,2,33,Entry,98,75.4,5045.2
Env5,43,138,1,2,2,3,Entry,101,80,4802.5
Env5,194,139,1,5,5,34,Entry,110,80.4,6486.1
Env5,169,140,1,5,5,9,Entry,95,96.6,6144.1
Env5,20,141,1,1,1,20,Entry,98,95,8359.6
Env5,17,142,1,1,1,17,Entry,111,83.4,8705.5
Env5,79,143,1,2,2,39,Entry,108,80.2,3975.4
Env5,140,144,1,4,4,20,Entry,99,83.4,5941.2
Env5,197,145,1,5,5,37,Entry,105,95.8,9939.5
Env5,4,146,1,1,1,4,Entry,95,93,8504.1
Env5,128,147,1,4,4,8,Entry,105,91.8,9411.6
Env5,47,148,1,2,2,7,Entry,102,90.6,7833.8
Env5,97,149,1,3,3,17,Entry,115,85,4732.6
Env5,14,150,1,1,1,14,Entry,105,79,5124.3
Env5,22,151,1,1,1,22,Entry,105,78.4,5462
Env5,141,152,1,4,4,21,Entry,108,77.8,5725.3
Env5,191,153,1,5,5,31,Entry,95,98.4,7086.8
Env5,189,154,1,5,5,29,Entry,95,78,2891.7
Env5,159,155,1,4,4,39,Entry,105,85.8,5477.2
Env5,118,156,1,3,3,38,Entry,101,88.8,9032
Env5,166,157,1,5,5,6,Entry,112,91.2,8013.8
Env5,114,158,1,3,3,34,Entry,105,93.4,9420.8
Env5,42,159,1,2,2,2,Entry,103,91.2,7399.8
Env5,116,160,1,3,3,36,Entry,95,85.4,9100.4
Env5,28,161,1,1,1,28,Entry,101,92.8,8789
Env5,107,162,1,3,3,27,Entry,105,87.6,6554.6
Env5,115,163,1,3,3,35,Entry,103,97.6,7132.2
Env5,87,164,1,3,3,7,Entry,96,83.4,6763.9
Env5,188,165,1,5,5,28,Entry,104,89.8,10306.2
Env5,183,166,1,5,5,23,Entry,103,89.8,5599.8
Env5,30,167,1,1,1,30,Entry,102,81.4,4601.4
Env5,178,168,1,5,5,18,Entry,108,95,9184
Env5,186,169,1,5,5,26,Entry,102,79.4,5281.5
Env5,130,170,1,4,4,10,Entry,95,82.8,4892
Env5,99,171,1,3,3,19,Entry,115,85.4,6795.7
Env5,104,172,1,3,3,24,Entry,105,67.2,2719.6
Env5,8,173,1,1,1,8,Entry,97,68.6,2877.9
Env5,120,174,1,3,3,40,Entry,102,73.2,3790.2
Env5,50,175,1,2,2,10,Entry,101,86.2,10082.5
Env5,170,176,1,5,5,10,Entry,102,74,5438
Env5,152,177,1,4,4,32,Entry,92,117.4,6417.7
Env5,63,178,1,2,2,23,Entry,115,81,2800.8
Env5,89,179,1,3,3,9,Entry,102,99.4,4152.1
Env5,77,180,1,2,2,37,Entry,115,105,3385.5
Env5,105,181,1,3,3,25,Entry,100,83.2,6952.8
Env5,55,182,1,2,2,15,Entry,115,92,7511.1
Env5,184,183,1,5,5,24,Entry,99,101,5252.3
Env5,70,184,1,2,2,30,Entry,115,123.8,9108.4
Env5,110,185,1,3,3,30,Entry,110,94,4435.5
Env5,174,186,1,5,5,14,Entry,112,102.8,6345.8
Env5,65,187,1,2,2,25,Entry,115,93.4,6862.4
Env5,139,188,1,4,4,19,Entry,105,71,4555.2
Env5,179,189,1,5,5,19,Entry,97,85.8,5632.5
Env5,108,190,1,3,3,28,Entry,102,87,6151.5
Env5,149,191,1,4,4,29,Entry,115,85.4,7625.9
Env5,175,192,1,5,5,15,Entry,102,81.8,5497.4
Env5,173,193,1,5,5,13,Check,103,87.8,7348
Env5,143,194,1,4,4,23,Check,100,74.2,5494.8
Env5,90,195,1,3,3,10,Check,111,98.8,9034.9
Env5,9,196,1,1,1,9,Check,97,82.4,5369.1
Env5,111,197,1,3,3,31,Check,115,100.4,8247.2
Env5,48,198,1,2,2,8,Check,97,81.6,4424.4
Env5,74,199,1,2,2,34,Check,115,98.6,6874.8
Env5,25,200,1,1,1,25,Check,112,96.6,7256
Env5,396,1,2,5,10,36,Entry,111,99.4,4938.1
Env5,237,2,2,1,6,37,Entry,105,86.6,NA
Env5,230,3,2,1,6,30,Entry,100,83.4,3009.4
Env5,241,4,2,2,7,1,Entry,103,95.6,6467.3
Env5,216,5,2,1,6,16,Entry,102,94.4,3570.4
Env5,381,6,2,5,10,21,Entry,108,72.4,4587
Env5,319,7,2,3,8,39,Entry,92,63.4,4442.7
Env5,336,8,2,4,9,16,Entry,105,80,4986.9
Env5,320,9,2,3,8,40,Entry,99,71,4793.7
Env5,256,10,2,2,7,16,Entry,97,72.2,4761.6
Env5,347,11,2,4,9,27,Entry,111,95.6,8651.9
Env5,262,12,2,2,7,22,Entry,103,76.6,3765.9
Env5,374,13,2,5,10,14,Entry,108,76,3396.4
Env5,297,14,2,3,8,17,Entry,115,107.8,7428.4
Env5,364,15,2,5,10,4,Entry,98,87.4,2949.6
Env5,359,16,2,4,9,39,Entry,115,108.6,5172.6
Env5,334,17,2,4,9,14,Entry,108,76.4,5121.4
Env5,370,18,2,5,10,10,Entry,115,98.2,7301.2
Env5,290,19,2,3,8,10,Entry,111,81.2,4922.1
Env5,246,20,2,2,7,6,Entry,103,75.4,4134.7
Env5,354,21,2,4,9,34,Entry,109,94.8,5007.7
Env5,300,22,2,3,8,20,Entry,103,88.2,5494.2
Env5,236,23,2,1,6,36,Entry,103,103.6,6674.4
Env5,243,24,2,2,7,3,Entry,115,78.6,5518.6
Env5,277,25,2,2,7,37,Entry,115,115.8,6590.9
Env5,248,26,2,2,7,8,Entry,103,70,4415
Env5,245,27,2,2,7,5,Entry,115,85,4221.6
Env5,346,28,2,4,9,26,Entry,108,84,5690.3
Env5,202,29,2,1,6,2,Entry,112,81.8,4177
Env5,350,30,2,4,9,30,Entry,107,85,6139.7
Env5,352,31,2,4,9,32,Entry,102,81.8,4381
Env5,274,32,2,2,7,34,Entry,99,81.6,3529.7
Env5,386,33,2,5,10,26,Entry,115,63.2,3770.9
Env5,362,34,2,5,10,2,Entry,115,68,5702.8
Env5,218,35,2,1,6,18,Entry,115,76.2,3647.1
Env5,375,36,2,5,10,15,Entry,115,80.4,4493.2
Env5,317,37,2,3,8,37,Entry,115,87.8,8977
Env5,249,38,2,2,7,9,Entry,115,85.2,3684.5
Env5,398,39,2,5,10,38,Entry,115,89.2,7900.9
Env5,260,40,2,2,7,20,Entry,115,84.2,5745.6
Env5,399,41,2,5,10,39,Entry,110,75,3915
Env5,209,42,2,1,6,9,Entry,111,70.6,2463.1
Env5,308,43,2,3,8,28,Entry,111,86,4815.1
Env5,376,44,2,5,10,16,Entry,115,82,8835
Env5,340,45,2,4,9,20,Entry,115,86.8,4943.1
Env5,329,46,2,4,9,9,Entry,109,83,5960.3
Env5,213,47,2,1,6,13,Entry,115,77,4020.7
Env5,265,48,2,2,7,25,Entry,115,74.4,3153.3
Env5,333,49,2,4,9,13,Entry,115,93.6,4846.1
Env5,215,50,2,1,6,15,Entry,115,82.8,1985
Env5,225,51,2,1,6,25,Entry,115,102.6,7010.1
Env5,233,52,2,1,6,33,Entry,109,94.8,3631.1
Env5,287,53,2,3,8,7,Entry,108,106.2,3813.6
Env5,252,54,2,2,7,12,Entry,103,105.8,3904
Env5,313,55,2,3,8,33,Entry,102,114.4,4940.2
Env5,380,56,2,5,10,20,Entry,99,107,5142.7
Env5,310,57,2,3,8,30,Entry,95,68.8,4134.5
Env5,384,58,2,5,10,24,Entry,97,81.2,5233.5
Env5,296,59,2,3,8,16,Entry,115,79.6,2449.9
Env5,394,60,2,5,10,34,Entry,101,85.2,3058.9
Env5,372,61,2,5,10,12,Entry,105,99,6507.7
Env5,325,62,2,4,9,5,Entry,103,104.6,3832.4
Env5,377,63,2,5,10,17,Entry,102,114.4,6207.3
Env5,254,64,2,2,7,14,Entry,103,104.6,4207.2
Env5,311,65,2,3,8,31,Entry,105,101.2,4987
Env5,332,66,2,4,9,12,Entry,105,97,4918.3
Env5,351,67,2,4,9,31,Entry,107,95.4,3866.3
Env5,229,68,2,1,6,29,Entry,107,94.4,4726.7
Env5,322,69,2,4,9,2,Entry,107,103.6,7441.9
Env5,339,70,2,4,9,19,Entry,98,85.2,3242
Env5,261,71,2,2,7,21,Entry,93,94,2763.7
Env5,258,72,2,2,7,18,Entry,92,77.6,3563.1
Env5,272,73,2,2,7,32,Entry,107,108.4,5994.7
Env5,348,74,2,4,9,28,Entry,108,65.2,3272.1
Env5,227,75,2,1,6,27,Entry,105,69,4129.4
Env5,276,76,2,2,7,36,Entry,102,82.4,6196.1
Env5,305,77,2,3,8,25,Entry,108,68,3259.9
Env5,280,78,2,2,7,40,Entry,102,73.8,5298.1
Env5,335,79,2,4,9,15,Entry,96,88.2,7065.5
Env5,203,80,2,1,6,3,Entry,105,77.4,4191
Env5,314,81,2,3,8,34,Entry,105,73.8,5673.9
Env5,234,82,2,1,6,34,Entry,105,89.4,5718
Env5,298,83,2,3,8,18,Entry,102,97.4,7443.4
Env5,307,84,2,3,8,27,Entry,105,72.6,3478.3
Env5,303,85,2,3,8,23,Entry,108,63.4,5139.8
Env5,239,86,2,1,6,39,Entry,93,84,5241.1
Env5,293,87,2,3,8,13,Entry,101,71.6,3509.7
Env5,378,88,2,5,10,18,Entry,101,87,5833
Env5,316,89,2,3,8,36,Entry,99,76.2,4834.1
Env5,400,90,2,5,10,40,Entry,107,79,5779.3
Env5,222,91,2,1,6,22,Entry,103,73.4,5863.8
Env5,283,92,2,3,8,3,Entry,101,92.4,6275
Env5,267,93,2,2,7,27,Entry,115,77.4,4537.9
Env5,221,94,2,1,6,21,Entry,95,82.4,6082.7
Env5,223,95,2,1,6,23,Entry,105,79.4,5148.2
Env5,304,96,2,3,8,24,Entry,105,90.8,7034.9
Env5,284,97,2,3,8,4,Entry,110,75.6,5302.1
Env5,204,98,2,1,6,4,Entry,100,92.4,8034.7
Env5,242,99,2,2,7,2,Entry,107,78.2,2210.2
Env5,397,100,2,5,10,37,Entry,100,91.6,5749.1
Env5,344,101,2,4,9,24,Entry,101,87.8,8724.3
Env5,345,102,2,4,9,25,Entry,94,82.2,10056.1
Env5,328,103,2,4,9,8,Entry,103,74,3924.9
Env5,271,104,2,2,7,31,Entry,101,77.2,4880.9
Env5,226,105,2,1,6,26,Entry,103,75.6,4332.1
Env5,238,106,2,1,6,38,Entry,101,88.2,6296.8
Env5,232,107,2,1,6,32,Entry,105,90,6251.2
Env5,365,108,2,5,10,5,Entry,105,86,5780.3
Env5,219,109,2,1,6,19,Entry,103,87.6,5690.4
Env5,330,110,2,4,9,10,Entry,98,85.6,7566.5
Env5,302,111,2,3,8,22,Entry,110,97.2,7113
Env5,214,112,2,1,6,14,Entry,99,82.8,6155.5
Env5,331,113,2,4,9,11,Entry,103,82.6,5245.2
Env5,288,114,2,3,8,8,Entry,105,72.8,4853
Env5,383,115,2,5,10,23,Entry,105,85.4,6949.5
Env5,205,116,2,1,6,5,Entry,105,73.6,4988.4
Env5,390,117,2,5,10,30,Entry,100,81.4,5874.4
Env5,210,118,2,1,6,10,Entry,99,85.4,6141
Env5,306,119,2,3,8,26,Entry,102,92.6,7682.1
Env5,250,120,2,2,7,10,Entry,101,84,4750.6
Env5,289,121,2,3,8,9,Entry,100,73.8,4276.9
Env5,356,122,2,4,9,36,Entry,110,95.6,8885.7
Env5,327,123,2,4,9,7,Entry,100,86.4,5843.8
Env5,247,124,2,2,7,7,Entry,105,82,4279.8
Env5,257,125,2,2,7,17,Entry,103,80.8,6115.5
Env5,355,126,2,4,9,35,Entry,100,83.4,6463.7
Env5,253,127,2,2,7,13,Entry,100,91.4,6177.3
Env5,312,128,2,3,8,32,Entry,100,80.6,5277.1
Env5,353,129,2,4,9,33,Entry,100,70,4958.8
Env5,231,130,2,1,6,31,Entry,100,92.4,5962.1
Env5,244,131,2,2,7,4,Entry,103,81.8,6718.6
Env5,235,132,2,1,6,35,Entry,102,80.8,4695.5
Env5,278,133,2,2,7,38,Entry,100,91.4,5519.9
Env5,266,134,2,2,7,26,Entry,105,106.6,8441
Env5,275,135,2,2,7,35,Entry,105,91.2,6813.3
Env5,324,136,2,4,9,4,Entry,103,73.8,4875.9
Env5,294,137,2,3,8,14,Entry,105,68.6,4482.3
Env5,301,138,2,3,8,21,Entry,102,75.4,6183
Env5,217,139,2,1,6,17,Entry,110,78,7456.1
Env5,206,140,2,1,6,6,Entry,96,82.8,6380.4
Env5,367,141,2,5,10,7,Entry,100,83.8,6295.9
Env5,338,142,2,4,9,18,Entry,110,76.6,6709.2
Env5,268,143,2,2,7,28,Entry,101,85.4,5352.6
Env5,342,144,2,4,9,22,Entry,101,81.4,7868.6
Env5,212,145,2,1,6,12,Entry,95,82.2,6010.2
Env5,299,146,2,3,8,19,Entry,105,76,5939.7
Env5,369,147,2,5,10,9,Entry,102,89.6,7688.1
Env5,326,148,2,4,9,6,Entry,109,87.2,5980.1
Env5,366,149,2,5,10,6,Entry,115,87.2,4137.6
Env5,361,150,2,5,10,1,Entry,105,81.4,5141.7
Env5,343,151,2,4,9,23,Entry,107,77.6,5725.6
Env5,318,152,2,3,8,38,Entry,104,86,6288.4
Env5,224,153,2,1,6,24,Entry,107,79,3367.2
Env5,240,154,2,1,6,40,Entry,100,93.2,4959.3
Env5,371,155,2,5,10,11,Entry,99,82,5669.2
Env5,323,156,2,4,9,3,Entry,110,97,7884.6
Env5,368,157,2,5,10,8,Entry,105,76.4,4853.2
Env5,395,158,2,5,10,35,Entry,105,77.8,5932.4
Env5,363,159,2,5,10,3,Entry,109,84.4,5866.5
Env5,286,160,2,3,8,6,Entry,103,78.4,5668.6
Env5,269,161,2,2,7,29,Entry,103,77.6,4958.3
Env5,388,162,2,5,10,28,Entry,99,93.4,6363.7
Env5,255,163,2,2,7,15,Entry,105,75.8,5480.7
Env5,382,164,2,5,10,22,Entry,99,81.2,6400.6
Env5,389,165,2,5,10,29,Entry,102,80.8,6976.7
Env5,315,166,2,3,8,35,Entry,101,85.6,6184.6
Env5,385,167,2,5,10,25,Entry,105,82.4,4393.4
Env5,282,168,2,3,8,2,Entry,105,99.8,12080.9
Env5,273,169,2,2,7,33,Entry,98,86,5086.4
Env5,360,170,2,4,9,40,Entry,95,72.6,3947.4
Env5,220,171,2,1,6,20,Entry,115,76.6,5119.6
Env5,341,172,2,4,9,21,Entry,103,73.8,3985.7
Env5,251,173,2,2,7,11,Entry,101,60,3629.4
Env5,281,174,2,3,8,1,Entry,101,73.4,3690.8
Env5,321,175,2,4,9,1,Entry,99,78.8,9761.3
Env5,292,176,2,3,8,12,Entry,102,73.4,5158.4
Env5,208,177,2,1,6,8,Entry,101,111.6,5391.1
Env5,264,178,2,2,7,24,Entry,115,92,2827
Env5,392,179,2,5,10,32,Entry,105,102,4098.4
Env5,358,180,2,4,9,38,Entry,115,113.2,6946.2
Env5,201,181,2,1,6,1,Entry,100,72.6,2970.9
Env5,387,182,2,5,10,27,Entry,115,92.8,4738.4
Env5,379,183,2,5,10,19,Entry,95,96.4,5044.2
Env5,391,184,2,5,10,31,Entry,115,109.8,7929.3
Env5,349,185,2,4,9,29,Entry,109,105.8,4558.7
Env5,295,186,2,3,8,15,Entry,112,98.8,4630
Env5,291,187,2,3,8,11,Entry,115,95.4,7198.6
Env5,285,188,2,3,8,5,Entry,103,79.4,8086.7
Env5,228,189,2,1,6,28,Entry,103,77.4,4172.4
Env5,263,190,2,2,7,23,Entry,101,73.2,5054.2
Env5,270,191,2,2,7,30,Entry,115,75.8,5797.5
Env5,207,192,2,1,6,7,Entry,102,80.6,5919.7
Env5,309,193,2,3,8,29,Check,102,88.2,5014.2
Env5,393,194,2,5,10,33,Check,98,72.6,5956.3
Env5,211,195,2,1,6,11,Check,115,90.2,6142.3
Env5,373,196,2,5,10,13,Check,101,81.8,4744.2
Env5,357,197,2,4,9,37,Check,111,92.2,5598.6
Env5,259,198,2,2,7,19,Check,105,75.2,4360
Env5,279,199,2,2,7,39,Check,115,99,7276.2
Env5,337,200,2,4,9,17,Check,115,93,7982