Genotype,Environment,Yield
Genotype2,Env1,5776.265416
Genotype3,Env1,5710.858516
Genotype4,Env1,6598.342198
Genotype5,Env1,5551.795652
Genotype6,Env1,5829.697018
Genotype7,Env1,3829.477986
Genotype8,Env1,5797.022662
Genotype9,Env1,3769.958418
Genotype10,Env1,4775.045709
Genotype11,Env1,5191.138448
Genotype12,Env1,5431.931409
Genotype13,Env1,6905.065895
Genotype14,Env1,3705.036736
Genotype15,Env1,5478.884695
Genotype16,Env1,5057.000595
Genotype17,Env1,5580.320302
Genotype18,Env1,6317.130959
Genotype19,Env1,5273.118376
Genotype20,Env1,6231.560155
Genotype21,Env1,4904.982998
Genotype22,Env1,5564.451926
Genotype23,Env1,5094.115609
Genotype24,Env1,5633.422205
Genotype25,Env1,5698.115248
Genotype26,Env1,5703.897609
Genotype27,Env1,5063.563805
Genotype28,Env1,5276.232402
Genotype29,Env1,4707.595962
Genotype30,Env1,4481.654598
Genotype31,Env1,4373.643195
Genotype32,Env1,4410.070148
Genotype33,Env1,6538.819895
Genotype34,Env1,4732.801818
Genotype35,Env1,5767.080609
Genotype36,Env1,4886.329305
Genotype37,Env1,5402.487418
Genotype38,Env1,5881.442055
Genotype39,Env1,5158.359909
Genotype40,Env1,4474.156255
Genotype41,Env1,4923.448501
Genotype42,Env1,4430.374852
Genotype43,Env1,4372.182418
Genotype44,Env1,5061.739209
Genotype45,Env1,4988.013498
Genotype46,Env1,4546.686262
Genotype47,Env1,5291.446752
Genotype48,Env1,4766.862112
Genotype49,Env1,5397.589195
Genotype50,Env1,6445.397016
Genotype51,Env1,5055.919702
Genotype52,Env1,5373.675362
Genotype53,Env1,4641.900786
Genotype54,Env1,4304.074598
Genotype55,Env1,4714.600562
Genotype56,Env1,5212.601155
Genotype57,Env1,4939.956686
Genotype58,Env1,6484.137368
Genotype59,Env1,4730.436726
Genotype60,Env1,4429.242559
Genotype61,Env1,4602.099705
Genotype62,Env1,3926.586295
Genotype63,Env1,4530.121995
Genotype64,Env1,6331.999722
Genotype65,Env1,5224.189818
Genotype66,Env1,6260.135202
Genotype67,Env1,5530.650888
Genotype68,Env1,3856.737602
Genotype69,Env1,5029.651488
Genotype70,Env1,5060.019498
Genotype71,Env1,4728.674848
Genotype72,Env1,4115.602598
Genotype73,Env1,4656.596862
Genotype74,Env1,5347.603902
Genotype75,Env1,5214.292066
Genotype76,Env1,4731.502122
Genotype77,Env1,3725.924172
Genotype78,Env1,4275.578772
Genotype79,Env1,5151.744438
Genotype80,Env1,4869.319252
Genotype81,Env1,4830.726986
Genotype82,Env1,5329.731726
Genotype83,Env1,5521.727122
Genotype84,Env1,5586.599426
Genotype85,Env1,5379.885568
Genotype86,Env1,4985.386066
Genotype87,Env1,3985.839712
Genotype88,Env1,4508.810118
Genotype89,Env1,4865.727262
Genotype90,Env1,5136.571818
Genotype91,Env1,5392.020852
Genotype92,Env1,6311.599426
Genotype93,Env1,5894.619522
Genotype94,Env1,6087.457116
Genotype95,Env1,6888.374966
Genotype96,Env1,5297.903562
Genotype97,Env1,4284.409072
Genotype98,Env1,6246.713012
Genotype99,Env1,5110.874109
Genotype100,Env1,5556.292095
Genotype101,Env1,4764.975948
Genotype102,Env1,5295.033212
Genotype103,Env1,7050.890788
Genotype104,Env1,4793.020872
Genotype105,Env1,5319.248376
Genotype106,Env1,6400.316012
Genotype107,Env1,4715.354062
Genotype108,Env1,5074.566359
Genotype109,Env1,6107.747926
Genotype110,Env1,6687.456762
Genotype111,Env1,5115.919636
Genotype112,Env1,5720.460259
Genotype113,Env1,6858.317795
Genotype114,Env1,4779.873926
Genotype115,Env1,5969.637605
Genotype116,Env1,5087.620716
Genotype117,Env1,4128.730245
Genotype118,Env1,4992.916509
Genotype119,Env1,5615.151068
Genotype120,Env1,5492.301398
Genotype121,Env1,6381.647272
Genotype122,Env1,5150.523852
Genotype123,Env1,4967.493302
Genotype124,Env1,5170.208348
Genotype125,Env1,6283.531255
Genotype126,Env1,4656.359338
Genotype127,Env1,6547.929159
Genotype128,Env1,4164.250822
Genotype129,Env1,5410.770852
Genotype130,Env1,5969.588009
Genotype131,Env1,5138.798262
Genotype132,Env1,3988.005652
Genotype133,Env1,5094.250755
Genotype134,Env1,4964.689609
Genotype135,Env1,4705.724712
Genotype136,Env1,5871.450112
Genotype137,Env1,5401.814472
Genotype138,Env1,4962.352322
Genotype139,Env1,6215.908909
Genotype140,Env1,6006.797509
Genotype141,Env1,5579.544409
Genotype142,Env1,3769.746152
Genotype143,Env1,5765.652459
Genotype144,Env1,6568.205338
Genotype145,Env1,6435.660159
Genotype146,Env1,6373.905976
Genotype147,Env1,5723.097895
Genotype148,Env1,4604.874048
Genotype149,Env1,5006.230068
Genotype150,Env1,5369.210359
Genotype151,Env1,5327.783402
Genotype152,Env1,5910.903312
Genotype153,Env1,4552.182759
Genotype154,Env1,5493.416209
Genotype155,Env1,5830.383645
Genotype156,Env1,5676.737262
Genotype157,Env1,5584.858451
Genotype158,Env1,4741.917018
Genotype159,Env1,5753.262055
Genotype160,Env1,5010.632586
Genotype161,Env1,6176.854562
Genotype162,Env1,5072.037118
Genotype163,Env1,5975.179122
Genotype164,Env1,6404.338068
Genotype165,Env1,5249.029951
Genotype166,Env1,4888.025318
Genotype167,Env1,5247.590209
Genotype168,Env1,6666.677218
Genotype169,Env1,4656.714255
Genotype170,Env1,5175.499838
Genotype171,Env1,3949.426476
Genotype172,Env1,5345.205662
Genotype173,Env1,5961.865812
Genotype174,Env1,6040.138186
Genotype175,Env1,5397.579198
Genotype176,Env1,5497.500318
Genotype177,Env1,5313.587002
Genotype179,Env1,4762.847368
Genotype181,Env1,4778.096576
Genotype182,Env1,3982.513955
Genotype183,Env1,5599.838351
Genotype185,Env1,4882.260562
Genotype186,Env1,4725.071168
Genotype187,Env1,5661.988822
Genotype188,Env1,7387.320212
Genotype189,Env1,4253.218309
Genotype190,Env1,4608.173622
Genotype191,Env1,4167.991798
Genotype192,Env1,5118.607109
Genotype193,Env1,5017.240218
Genotype194,Env1,5227.250595
Genotype195,Env1,5613.271126
Genotype196,Env1,5685.903459
Genotype197,Env1,4803.445262
Genotype198,Env1,5044.607909
Genotype199,Env1,5405.251109
Genotype200,Env1,4807.173552
Genotype2,Env10,4753.020569
Genotype3,Env10,4200.753498
Genotype4,Env10,6340.049734
Genotype5,Env10,3777.932959
Genotype6,Env10,4264.637248
Genotype7,Env10,5083.354524
Genotype8,Env10,3973.344835
Genotype9,Env10,3761.979185
Genotype10,Env10,5149.679074
Genotype11,Env10,5529.439324
Genotype12,Env10,3141.811134
Genotype13,Env10,3586.790295
Genotype14,Env10,4241.447868
Genotype15,Env10,3739.911163
Genotype16,Env10,4180.356484
Genotype17,Env10,4568.771718
Genotype18,Env10,5088.354035
Genotype19,Env10,4158.008924
Genotype20,Env10,3915.327748
Genotype21,Env10,3468.029913
Genotype22,Env10,5227.378208
Genotype23,Env10,3765.26471
Genotype24,Env10,3556.336663
Genotype25,Env10,4044.468274
Genotype26,Env10,5217.747568
Genotype27,Env10,2963.808359
Genotype28,Env10,5027.397145
Genotype29,Env10,3623.752434
Genotype30,Env10,4757.244234
Genotype31,Env10,3749.854163
Genotype32,Env10,5253.501845
Genotype33,Env10,4478.767463
Genotype34,Env10,4055.524174
Genotype35,Env10,5411.932574
Genotype36,Env10,4250.324148
Genotype37,Env10,6163.840359
Genotype38,Env10,3847.573045
Genotype39,Env10,4658.485409
Genotype40,Env10,4406.697534
Genotype41,Env10,6870.802318
Genotype42,Env10,3711.167584
Genotype43,Env10,3910.571224
Genotype44,Env10,4343.022145
Genotype45,Env10,6411.668408
Genotype46,Env10,5617.417198
Genotype47,Env10,4447.262108
Genotype48,Env10,2759.068159
Genotype49,Env10,3269.574149
Genotype50,Env10,5179.869068
Genotype51,Env10,4074.129558
Genotype52,Env10,5229.156869
Genotype53,Env10,4263.725284
Genotype54,Env10,5151.458824
Genotype55,Env10,3615.557769
Genotype56,Env10,3334.426074
Genotype57,Env10,3556.786718
Genotype58,Env10,5111.549484
Genotype59,Env10,3818.644063
Genotype60,Env10,2599.640599
Genotype61,Env10,4828.472184
Genotype62,Env10,4426.845799
Genotype63,Env10,4265.351359
Genotype64,Env10,4693.055659
Genotype65,Env10,5254.681918
Genotype66,Env10,5182.024935
Genotype67,Env10,4481.867745
Genotype68,Env10,4311.519198
Genotype69,Env10,4913.94501
Genotype70,Env10,3083.279074
Genotype71,Env10,3213.911969
Genotype72,Env10,2419.585984
Genotype73,Env10,4669.186058
Genotype74,Env10,2769.920448
Genotype75,Env10,5193.548949
Genotype76,Env10,4630.156573
Genotype77,Env10,5962.694373
Genotype78,Env10,2902.861418
Genotype79,Env10,2818.105085
Genotype80,Env10,3813.481295
Genotype81,Env10,3962.723784
Genotype82,Env10,4620.550469
Genotype83,Env10,4342.567809
Genotype84,Env10,2625.427219
Genotype85,Env10,2821.930309
Genotype86,Env10,3781.109159
Genotype87,Env10,4760.850458
Genotype88,Env10,3973.948735
Genotype89,Env10,4819.213974
Genotype90,Env10,3987.521968
Genotype91,Env10,4349.886245
Genotype92,Env10,4624.963484
Genotype93,Env10,5426.198545
Genotype94,Env10,3526.362213
Genotype95,Env10,6366.353923
Genotype96,Env10,6635.087568
Genotype97,Env10,5320.625709
Genotype98,Env10,5481.478059
Genotype99,Env10,6267.253548
Genotype100,Env10,6002.295524
Genotype101,Env10,7106.365274
Genotype102,Env10,3587.554409
Genotype103,Env10,5140.936524
Genotype104,Env10,5769.853949
Genotype105,Env10,3908.085373
Genotype106,Env10,5641.862559
Genotype107,Env10,3986.064348
Genotype108,Env10,5278.425995
Genotype109,Env10,5892.915834
Genotype110,Env10,6126.017024
Genotype111,Env10,5956.766369
Genotype112,Env10,4310.588635
Genotype113,Env10,5034.518795
Genotype114,Env10,6423.677274
Genotype115,Env10,5027.299708
Genotype116,Env10,5851.317309
Genotype117,Env10,4824.178263
Genotype118,Env10,6588.388934
Genotype119,Env10,5826.547719
Genotype120,Env10,5098.637884
Genotype121,Env10,6548.774963
Genotype122,Env10,5664.260573
Genotype123,Env10,5324.304759
Genotype124,Env10,4601.596224
Genotype125,Env10,4584.61806
Genotype126,Env10,5768.979559
Genotype127,Env10,4827.937668
Genotype128,Env10,4062.197649
Genotype129,Env10,6436.850334
Genotype130,Env10,5578.753324
Genotype131,Env10,5610.591599
Genotype132,Env10,5913.014509
Genotype133,Env10,5017.015724
Genotype134,Env10,5390.950934
Genotype135,Env10,6719.07551
Genotype136,Env10,5870.425574
Genotype137,Env10,6159.19031
Genotype138,Env10,7183.078518
Genotype139,Env10,6101.549584
Genotype140,Env10,7327.963623
Genotype141,Env10,6354.235673
Genotype142,Env10,5972.898574
Genotype143,Env10,4435.130949
Genotype144,Env10,5923.473835
Genotype145,Env10,6464.52071
Genotype146,Env10,5441.476349
Genotype147,Env10,6268.774659
Genotype148,Env10,5282.801635
Genotype149,Env10,2787.338623
Genotype150,Env10,3583.303335
Genotype151,Env10,6287.186849
Genotype152,Env10,5265.670295
Genotype153,Env10,4600.687274
Genotype154,Env10,4101.226184
Genotype155,Env10,3537.045163
Genotype156,Env10,6560.679208
Genotype157,Env10,6145.947109
Genotype158,Env10,5963.883174
Genotype159,Env10,5026.788168
Genotype160,Env10,5028.618095
Genotype161,Env10,5656.193668
Genotype162,Env10,3949.379698
Genotype163,Env10,3036.743698
Genotype164,Env10,6092.45321
Genotype165,Env10,5833.752763
Genotype166,Env10,5956.248108
Genotype167,Env10,3717.265108
Genotype168,Env10,5120.606363
Genotype169,Env10,3545.037124
Genotype170,Env10,3640.314463
Genotype171,Env10,5398.014145
Genotype172,Env10,1317.605459
Genotype173,Env10,3054.242769
Genotype174,Env10,2775.95431
Genotype175,Env10,4768.336559
Genotype176,Env10,3459.088023
Genotype177,Env10,4417.594334
Genotype178,Env10,5236.949374
Genotype179,Env10,4024.426624
Genotype180,Env10,5435.126024
Genotype181,Env10,1206.554074
Genotype182,Env10,4424.68441
Genotype183,Env10,1499.522523
Genotype184,Env10,4702.247268
Genotype185,Env10,3361.743549
Genotype186,Env10,5293.075109
Genotype187,Env10,4930.29666
Genotype188,Env10,2576.297384
Genotype189,Env10,3180.386634
Genotype190,Env10,5035.776009
Genotype191,Env10,4525.860884
Genotype192,Env10,4166.661545
Genotype193,Env10,5835.228195
Genotype194,Env10,5685.918459
Genotype195,Env10,4641.248373
Genotype196,Env10,5132.279185
Genotype197,Env10,4654.490773
Genotype198,Env10,3719.612234
Genotype199,Env10,5084.380074
Genotype200,Env10,4963.688459
Genotype2,Env11,2563.2221
Genotype3,Env11,2641.94345
Genotype4,Env11,3174.9972
Genotype5,Env11,3750.03715
Genotype6,Env11,2543.3455
Genotype7,Env11,3319.7384
Genotype8,Env11,3741.71555
Genotype9,Env11,3855.1328
Genotype10,Env11,1503.91435
Genotype11,Env11,3594.84035
Genotype12,Env11,1603.4976
Genotype13,Env11,2951.8302
Genotype14,Env11,2667.9258
Genotype15,Env11,2530.0117
Genotype16,Env11,1567.3056
Genotype17,Env11,2018.1659
Genotype18,Env11,1891.0799
Genotype19,Env11,2565.5341
Genotype20,Env11,2719.26785
Genotype21,Env11,2928.06095
Genotype22,Env11,2975.0473
Genotype23,Env11,1536.65
Genotype24,Env11,2483.8518
Genotype25,Env11,2858.66635
Genotype26,Env11,2312.93265
Genotype27,Env11,2525.98385
Genotype28,Env11,2766.79385
Genotype29,Env11,2239.7529
Genotype30,Env11,3518.4715
Genotype31,Env11,2604.49335
Genotype32,Env11,2999.39275
Genotype33,Env11,2112.25295
Genotype34,Env11,2469.61835
Genotype35,Env11,2738.01175
Genotype36,Env11,2024.93095
Genotype37,Env11,2975.63975
Genotype38,Env11,2301.406
Genotype39,Env11,2472.24565
Genotype40,Env11,2227.14025
Genotype41,Env11,2543.53585
Genotype42,Env11,2550.9378
Genotype43,Env11,3631.94045
Genotype44,Env11,2285.5505
Genotype45,Env11,3552.4615
Genotype46,Env11,3262.4396
Genotype47,Env11,2888.80245
Genotype48,Env11,2344.23145
Genotype49,Env11,2704.81475
Genotype50,Env11,1585.32715
Genotype51,Env11,1841.47595
Genotype52,Env11,638.6232
Genotype53,Env11,2608.61105
Genotype54,Env11,2843.825
Genotype55,Env11,1310.476
Genotype56,Env11,2489.40195
Genotype57,Env11,2042.86985
Genotype58,Env11,2391.774
Genotype59,Env11,677.1103
Genotype60,Env11,2576.41715
Genotype61,Env11,2593.18745
Genotype62,Env11,2020.7122
Genotype63,Env11,3120.7304
Genotype64,Env11,3300.08555
Genotype65,Env11,2103.3119
Genotype66,Env11,2307.59735
Genotype67,Env11,2911.59155
Genotype68,Env11,3170.5414
Genotype69,Env11,2470.1306
Genotype70,Env11,2570.19625
Genotype71,Env11,2814.47615
Genotype72,Env11,2893.0896
Genotype73,Env11,1364.88705
Genotype74,Env11,3433.83585
Genotype75,Env11,887.3292
Genotype76,Env11,2591.04655
Genotype77,Env11,2025.2359
Genotype78,Env11,2866.58655
Genotype79,Env11,2039.15915
Genotype80,Env11,2586.8568
Genotype81,Env11,1450.8013
Genotype82,Env11,2766.78045
Genotype83,Env11,2713.80805
Genotype84,Env11,2633.7676
Genotype85,Env11,2560.1053
Genotype86,Env11,2338.5081
Genotype87,Env11,2497.0076
Genotype88,Env11,2847.5657
Genotype89,Env11,3697.9145
Genotype90,Env11,2610.4161
Genotype91,Env11,2480.36415
Genotype92,Env11,2853.1068
Genotype93,Env11,2529.25335
Genotype94,Env11,1736.7574
Genotype95,Env11,1978.125
Genotype96,Env11,2854.91285
Genotype97,Env11,2549.2741
Genotype98,Env11,1264.3754
Genotype99,Env11,3562.0255
Genotype100,Env11,3393.412
Genotype101,Env11,2891.0161
Genotype102,Env11,3253.08585
Genotype103,Env11,2287.76165
Genotype104,Env11,1997.10395
Genotype105,Env11,2626.4534
Genotype106,Env11,2625.6832
Genotype107,Env11,3282.1703
Genotype108,Env11,2658.39025
Genotype109,Env11,2398.69195
Genotype110,Env11,3323.0748
Genotype111,Env11,2260.20705
Genotype112,Env11,2502.363
Genotype113,Env11,3319.2321
Genotype114,Env11,2047.49465
Genotype115,Env11,3349.12525
Genotype116,Env11,3436.3511
Genotype117,Env11,3267.0021
Genotype118,Env11,3372.2747
Genotype119,Env11,3212.5466
Genotype120,Env11,2879.83405
Genotype121,Env11,3269.8644
Genotype122,Env11,2328.7133
Genotype123,Env11,2573.77075
Genotype124,Env11,2480.8885
Genotype125,Env11,3639.51955
Genotype126,Env11,4050.9102
Genotype127,Env11,3434.0856
Genotype128,Env11,2989.7109
Genotype129,Env11,2896.7437
Genotype130,Env11,1628.1069
Genotype131,Env11,2232.72525
Genotype132,Env11,2396.80125
Genotype133,Env11,3931.41035
Genotype134,Env11,2882.8129
Genotype135,Env11,1696.5116
Genotype136,Env11,3653.2514
Genotype137,Env11,2984.36575
Genotype138,Env11,2458.26225
Genotype139,Env11,3574.88955
Genotype140,Env11,3113.31685
Genotype141,Env11,1495.8249
Genotype142,Env11,2903.0719
Genotype143,Env11,2467.67445
Genotype144,Env11,3601.881
Genotype145,Env11,3378.8771
Genotype146,Env11,2982.30635
Genotype147,Env11,2164.4622
Genotype148,Env11,3492.56665
Genotype149,Env11,2750.576
Genotype150,Env11,3763.305
Genotype151,Env11,3445.83585
Genotype152,Env11,3247.72195
Genotype153,Env11,3305.69435
Genotype154,Env11,3286.01905
Genotype155,Env11,2880.01995
Genotype156,Env11,2563.88805
Genotype157,Env11,2641.4621
Genotype158,Env11,2971.6234
Genotype159,Env11,3360.72665
Genotype160,Env11,2409.92015
Genotype161,Env11,3374.8692
Genotype162,Env11,3820.76465
Genotype163,Env11,2897.7216
Genotype164,Env11,3375.7142
Genotype165,Env11,2868.8558
Genotype166,Env11,2831.4262
Genotype167,Env11,3203.87925
Genotype168,Env11,3300.60985
Genotype169,Env11,2595.45785
Genotype170,Env11,2904.48195
Genotype171,Env11,2327.49905
Genotype172,Env11,2872.95775
Genotype173,Env11,1687.7856
Genotype174,Env11,2188.77905
Genotype175,Env11,3480.5122
Genotype176,Env11,2423.8844
Genotype177,Env11,1535.31285
Genotype178,Env11,1342.33435
Genotype179,Env11,2653.98975
Genotype180,Env11,2065.10805
Genotype181,Env11,828.93965
Genotype182,Env11,1572.0667
Genotype183,Env11,769.19975
Genotype184,Env11,1877.2166
Genotype185,Env11,2301.74615
Genotype186,Env11,3243.81705
Genotype187,Env11,2603.0778
Genotype188,Env11,3331.84315
Genotype189,Env11,3293.50555
Genotype190,Env11,2772.66345
Genotype191,Env11,3065.3361
Genotype192,Env11,1775.8557
Genotype193,Env11,2631.84255
Genotype194,Env11,2904.06975
Genotype195,Env11,1906.6243
Genotype196,Env11,3513.69265
Genotype197,Env11,3189.0994
Genotype198,Env11,3895.69235
Genotype199,Env11,4030.4087
Genotype200,Env11,1902.182
Genotype2,Env2,4040.390983
Genotype3,Env2,4835.086283
Genotype4,Env2,6094.803086
Genotype5,Env2,5119.432791
Genotype6,Env2,4943.042173
Genotype7,Env2,4367.202707
Genotype8,Env2,5587.365253
Genotype9,Env2,4070.955223
Genotype10,Env2,4226.811923
Genotype11,Env2,5646.973686
Genotype12,Env2,4384.826373
Genotype13,Env2,5783.568369
Genotype14,Env2,5803.854857
Genotype15,Env2,4882.728819
Genotype16,Env2,4040.303269
Genotype17,Env2,5083.751241
Genotype18,Env2,4767.483011
Genotype19,Env2,4371.696695
Genotype20,Env2,5430.093756
Genotype21,Env2,5560.734086
Genotype22,Env2,5448.778295
Genotype23,Env2,5967.941011
Genotype24,Env2,6982.694456
Genotype25,Env2,5004.230736
Genotype26,Env2,4783.876123
Genotype27,Env2,3794.121056
Genotype28,Env2,5234.506741
Genotype29,Env2,4800.695428
Genotype30,Env2,5193.984136
Genotype31,Env2,4788.603019
Genotype32,Env2,6145.052636
Genotype33,Env2,5025.445919
Genotype34,Env2,4970.585873
Genotype35,Env2,4448.190211
Genotype36,Env2,4225.513606
Genotype37,Env2,5459.322773
Genotype38,Env2,4883.935006
Genotype39,Env2,4944.724411
Genotype40,Env2,4007.300756
Genotype41,Env2,4662.361089
Genotype42,Env2,4673.114591
Genotype43,Env2,5847.635673
Genotype44,Env2,5715.662111
Genotype45,Env2,5891.366886
Genotype46,Env2,4571.108403
Genotype47,Env2,5152.316441
Genotype48,Env2,3995.772828
Genotype49,Env2,5329.165619
Genotype50,Env2,5404.090983
Genotype51,Env2,5298.720391
Genotype52,Env2,5501.599678
Genotype53,Env2,5501.230557
Genotype54,Env2,5339.935436
Genotype55,Env2,4948.774203
Genotype56,Env2,4355.070356
Genotype57,Env2,3798.427207
Genotype58,Env2,4594.838973
Genotype59,Env2,4515.460595
Genotype60,Env2,4792.750961
Genotype61,Env2,5612.515006
Genotype62,Env2,5054.567719
Genotype63,Env2,5528.116919
Genotype64,Env2,5754.35229
Genotype65,Env2,5056.146573
Genotype66,Env2,4392.149741
Genotype67,Env2,5350.946499
Genotype68,Env2,5082.732141
Genotype69,Env2,4512.915799
Genotype70,Env2,4513.157786
Genotype71,Env2,5396.300486
Genotype72,Env2,3841.296536
Genotype73,Env2,4750.186028
Genotype74,Env2,4647.134591
Genotype75,Env2,4048.958933
Genotype76,Env2,4829.92009
Genotype77,Env2,3997.13089
Genotype78,Env2,4565.09384
Genotype79,Env2,5327.281699
Genotype80,Env2,4603.117291
Genotype81,Env2,5136.345807
Genotype82,Env2,3595.764895
Genotype83,Env2,5297.43139
Genotype84,Env2,4058.161895
Genotype85,Env2,4866.356673
Genotype86,Env2,5003.019233
Genotype87,Env2,5410.377453
Genotype88,Env2,4766.758573
Genotype89,Env2,5142.071853
Genotype90,Env2,5949.893123
Genotype91,Env2,3514.405691
Genotype92,Env2,5340.678545
Genotype93,Env2,5112.72149
Genotype94,Env2,4786.572433
Genotype95,Env2,5214.560233
Genotype96,Env2,5223.513403
Genotype97,Env2,5066.13469
Genotype98,Env2,5375.977928
Genotype99,Env2,5527.816873
Genotype100,Env2,5265.287269
Genotype101,Env2,5103.598586
Genotype102,Env2,5673.965653
Genotype103,Env2,5804.413399
Genotype104,Env2,5676.90864
Genotype105,Env2,5108.499195
Genotype106,Env2,5298.493528
Genotype107,Env2,4881.454778
Genotype108,Env2,5861.371211
Genotype109,Env2,4936.144495
Genotype110,Env2,5052.756303
Genotype111,Env2,5420.254607
Genotype112,Env2,5460.462011
Genotype113,Env2,5387.765419
Genotype114,Env2,4304.296895
Genotype115,Env2,5264.363806
Genotype116,Env2,5274.498983
Genotype117,Env2,5191.007769
Genotype118,Env2,5038.692561
Genotype119,Env2,6591.594873
Genotype120,Env2,5376.138886
Genotype121,Env2,6039.31819
Genotype122,Env2,5143.034691
Genotype123,Env2,5036.977591
Genotype124,Env2,7011.229036
Genotype125,Env2,5976.169556
Genotype126,Env2,5627.704749
Genotype127,Env2,4961.408423
Genotype128,Env2,4456.47654
Genotype129,Env2,4963.674441
Genotype130,Env2,5735.597711
Genotype131,Env2,5504.942428
Genotype132,Env2,5286.434341
Genotype133,Env2,5390.290556
Genotype134,Env2,5250.500823
Genotype135,Env2,6532.013278
Genotype136,Env2,5394.623653
Genotype137,Env2,4931.31734
Genotype138,Env2,5337.22264
Genotype139,Env2,6660.468161
Genotype140,Env2,5286.459411
Genotype141,Env2,5977.810611
Genotype142,Env2,5165.887641
Genotype143,Env2,5168.155173
Genotype144,Env2,4921.956399
Genotype145,Env2,5220.051911
Genotype146,Env2,5488.093345
Genotype147,Env2,5888.776619
Genotype148,Env2,5996.065336
Genotype149,Env2,3898.070823
Genotype150,Env2,5140.976761
Genotype151,Env2,5742.332141
Genotype152,Env2,5685.489253
Genotype153,Env2,4872.418061
Genotype154,Env2,5331.969161
Genotype155,Env2,5359.559769
Genotype156,Env2,5332.758203
Genotype157,Env2,6563.646639
Genotype158,Env2,5535.477023
Genotype159,Env2,5470.224456
Genotype160,Env2,5430.153657
Genotype161,Env2,5246.721328
Genotype162,Env2,5046.995923
Genotype163,Env2,5355.60709
Genotype164,Env2,5262.416723
Genotype165,Env2,4750.037789
Genotype166,Env2,5219.818173
Genotype167,Env2,5061.860061
Genotype168,Env2,5644.901673
Genotype169,Env2,4846.327306
Genotype170,Env2,4699.062149
Genotype171,Env2,5059.811845
Genotype172,Env2,3020.442903
Genotype173,Env2,4608.776978
Genotype174,Env2,3677.027607
Genotype175,Env2,5768.053336
Genotype176,Env2,4445.059523
Genotype177,Env2,5181.224741
Genotype178,Env2,5060.378173
Genotype179,Env2,4763.675323
Genotype180,Env2,5813.973386
Genotype181,Env2,2252.062245
Genotype182,Env2,3116.604656
Genotype183,Env2,3343.540439
Genotype184,Env2,6692.591206
Genotype185,Env2,3271.649603
Genotype186,Env2,5869.386423
Genotype187,Env2,5628.14869
Genotype188,Env2,4728.754403
Genotype189,Env2,4057.147511
Genotype190,Env2,3502.24894
Genotype191,Env2,5182.033786
Genotype192,Env2,4993.205911
Genotype193,Env2,5100.754973
Genotype194,Env2,4972.061269
Genotype195,Env2,4822.594695
Genotype196,Env2,5071.570711
Genotype197,Env2,4470.720303
Genotype198,Env2,4865.972173
Genotype199,Env2,6079.227123
Genotype200,Env2,5218.572191
Genotype2,Env3,2462.886148
Genotype3,Env3,2378.592587
Genotype4,Env3,2686.454798
Genotype5,Env3,3630.962437
Genotype6,Env3,2509.889148
Genotype7,Env3,2498.461364
Genotype8,Env3,3723.425318
Genotype9,Env3,3096.397418
Genotype10,Env3,3075.060487
Genotype11,Env3,2631.026937
Genotype12,Env3,3247.38637
Genotype13,Env3,3260.887314
Genotype14,Env3,3051.999838
Genotype15,Env3,2407.870432
Genotype17,Env3,1803.69882
Genotype18,Env3,1169.789837
Genotype19,Env3,2703.943882
Genotype20,Env3,3450.137236
Genotype21,Env3,2406.513968
Genotype22,Env3,2237.08629
Genotype23,Env3,2806.04982
Genotype24,Env3,3607.477607
Genotype25,Env3,2127.711414
Genotype26,Env3,2507.637982
Genotype27,Env3,2047.970748
Genotype28,Env3,2785.324114
Genotype29,Env3,2891.028498
Genotype30,Env3,2564.814994
Genotype31,Env3,2347.032343
Genotype32,Env3,2762.520164
Genotype33,Env3,2632.686738
Genotype34,Env3,2249.782494
Genotype35,Env3,3436.909232
Genotype36,Env3,2083.921107
Genotype37,Env3,2413.941999
Genotype38,Env3,3240.776318
Genotype39,Env3,1800.023798
Genotype40,Env3,2287.639925
Genotype41,Env3,3366.356064
Genotype42,Env3,2680.753732
Genotype43,Env3,3763.230882
Genotype44,Env3,3399.819314
Genotype45,Env3,3339.95484
Genotype46,Env3,2956.686997
Genotype47,Env3,1585.11232
Genotype48,Env3,1606.049932
Genotype49,Env3,2813.573236
Genotype50,Env3,1403.998243
Genotype51,Env3,2317.622218
Genotype52,Env3,3746.924637
Genotype53,Env3,2711.865875
Genotype54,Env3,1731.625499
Genotype55,Env3,1949.940687
Genotype56,Env3,2752.715786
Genotype57,Env3,1493.804086
Genotype58,Env3,1661.118543
Genotype60,Env3,3530.918407
Genotype61,Env3,2211.911082
Genotype62,Env3,2841.393798
Genotype63,Env3,1442.471847
Genotype64,Env3,2033.883287
Genotype65,Env3,2633.954838
Genotype66,Env3,2535.965707
Genotype67,Env3,2649.794798
Genotype68,Env3,2687.666543
Genotype69,Env3,2388.044393
Genotype70,Env3,2625.096448
Genotype71,Env3,2416.770986
Genotype72,Env3,2869.147193
Genotype73,Env3,2670.72287
Genotype74,Env3,3137.699698
Genotype75,Env3,3400.222044
Genotype76,Env3,1739.308999
Genotype77,Env3,3064.622444
Genotype78,Env3,1850.522037
Genotype79,Env3,2909.619886
Genotype80,Env3,3580.467557
Genotype81,Env3,2778.372444
Genotype82,Env3,2289.707648
Genotype83,Env3,2129.981582
Genotype84,Env3,3551.824444
Genotype85,Env3,2243.99677
Genotype86,Env3,2670.276837
Genotype87,Env3,2463.169597
Genotype88,Env3,2241.476586
Genotype89,Env3,3449.900907
Genotype90,Env3,4105.048975
Genotype91,Env3,2231.003757
Genotype92,Env3,2926.898236
Genotype93,Env3,3194.36419
Genotype94,Env3,1642.930136
Genotype95,Env3,3047.435214
Genotype96,Env3,2891.976143
Genotype97,Env3,2164.418382
Genotype98,Env3,2440.017699
Genotype99,Env3,2019.387286
Genotype100,Env3,1175.896287
Genotype101,Env3,3439.466514
Genotype102,Env3,2309.114214
Genotype103,Env3,2442.233537
Genotype104,Env3,2873.715918
Genotype105,Env3,3818.420493
Genotype106,Env3,2051.656682
Genotype107,Env3,2677.757399
Genotype108,Env3,2902.457114
Genotype109,Env3,1653.827064
Genotype110,Env3,3104.137025
Genotype111,Env3,2132.87032
Genotype112,Env3,3180.787557
Genotype113,Env3,2238.891149
Genotype114,Env3,2838.146532
Genotype115,Env3,2306.619268
Genotype116,Env3,2603.66252
Genotype117,Env3,3177.370536
Genotype118,Env3,3539.661586
Genotype119,Env3,3737.081493
Genotype120,Env3,1485.791738
Genotype121,Env3,3142.696794
Genotype122,Env3,1842.224797
Genotype123,Env3,2306.670557
Genotype124,Env3,3732.621236
Genotype125,Env3,2909.034114
Genotype126,Env3,3780.52282
Genotype127,Env3,3152.952375
Genotype128,Env3,2605.996264
Genotype129,Env3,3164.473568
Genotype130,Env3,3711.89287
Genotype131,Env3,2740.274914
Genotype132,Env3,1659.892193
Genotype133,Env3,3411.57344
Genotype134,Env3,2461.27522
Genotype135,Env3,2482.099643
Genotype136,Env3,2771.414407
Genotype137,Env3,2716.007447
Genotype138,Env3,2042.473268
Genotype139,Env3,2101.368494
Genotype140,Env3,3158.318547
Genotype141,Env3,2216.937464
Genotype142,Env3,2841.762182
Genotype143,Env3,3632.255168
Genotype144,Env3,3722.167698
Genotype145,Env3,3215.437193
Genotype146,Env3,2495.307907
Genotype147,Env3,2835.071318
Genotype148,Env3,2826.185507
Genotype149,Env3,3181.561943
Genotype150,Env3,2909.837394
Genotype151,Env3,3321.614598
Genotype152,Env3,3288.276657
Genotype153,Env3,3112.161832
Genotype154,Env3,2499.358043
Genotype155,Env3,3532.704397
Genotype156,Env3,2173.836357
Genotype157,Env3,2278.475049
Genotype158,Env3,1797.952868
Genotype159,Env3,3321.597907
Genotype160,Env3,1745.69922
Genotype161,Env3,2874.199337
Genotype162,Env3,3357.407498
Genotype163,Env3,2930.98464
Genotype164,Env3,1972.470682
Genotype165,Env3,3174.279988
Genotype166,Env3,2128.974457
Genotype167,Env3,2151.067087
Genotype168,Env3,2600.133168
Genotype169,Env3,3005.361264
Genotype170,Env3,2554.818794
Genotype171,Env3,3984.474486
Genotype172,Env3,3345.181994
Genotype173,Env3,3383.44277
Genotype174,Env3,2411.430657
Genotype175,Env3,2675.780649
Genotype176,Env3,3348.776593
Genotype177,Env3,1441.564325
Genotype179,Env3,3215.788837
Genotype180,Env3,1320.772298
Genotype181,Env3,2519.103643
Genotype182,Env3,1681.219075
Genotype183,Env3,1504.067638
Genotype185,Env3,2571.307257
Genotype186,Env3,3825.754537
Genotype187,Env3,2319.500314
Genotype188,Env3,2481.80562
Genotype189,Env3,2907.770948
Genotype190,Env3,1603.125394
Genotype191,Env3,3410.24349
Genotype192,Env3,3108.993182
Genotype193,Env3,3734.896968
Genotype194,Env3,3095.791257
Genotype196,Env3,3199.950493
Genotype197,Env3,2767.231494
Genotype198,Env3,2309.586036
Genotype199,Env3,3457.279843
Genotype2,Env5,4727.180958
Genotype3,Env5,3289.380958
Genotype4,Env5,5553.965091
Genotype5,Env5,3959.104926
Genotype6,Env5,5120.89443
Genotype7,Env5,4759.51126
Genotype8,Env5,7075.070077
Genotype9,Env5,4625.09443
Genotype10,Env5,4966.801287
Genotype11,Env5,6669.815091
Genotype12,Env5,4772.401287
Genotype13,Env5,3931.653248
Genotype14,Env5,6458.81126
Genotype15,Env5,3509.703248
Genotype16,Env5,4935.503248
Genotype17,Env5,4502.054926
Genotype18,Env5,7913.529279
Genotype19,Env5,4460.996109
Genotype20,Env5,4450.489444
Genotype21,Env5,4841.315091
Genotype22,Env5,4620.096109
Genotype23,Env5,6015.529279
Genotype24,Env5,4602.939444
Genotype25,Env5,6635.965091
Genotype26,Env5,5030.951287
Genotype27,Env5,3486.839444
Genotype28,Env5,5135.754926
Genotype29,Env5,4437.191122
Genotype30,Env5,7117.265091
Genotype31,Env5,4750.403248
Genotype32,Env5,4816.815091
Genotype33,Env5,4439.453248
Genotype34,Env5,7177.74443
Genotype35,Env5,4332.479279
Genotype36,Env5,5011.339444
Genotype37,Env5,8928.04443
Genotype38,Env5,4056.789444
Genotype39,Env5,6458.179279
Genotype40,Env5,6118.439444
Genotype41,Env5,3970.577601
Genotype42,Env5,2748.604926
Genotype43,Env5,5808.64443
Genotype44,Env5,7789.979279
Genotype45,Env5,5295.465091
Genotype46,Env5,5428.020077
Genotype47,Env5,4755.954926
Genotype48,Env5,3070.641122
Genotype49,Env5,4288.553248
Genotype50,Env5,1688.380958
Genotype51,Env5,8057.854926
Genotype52,Env5,4481.491122
Genotype53,Env5,4831.66126
Genotype54,Env5,4702.715091
Genotype55,Env5,4923.120077
Genotype56,Env5,3657.889444
Genotype57,Env5,4417.96126
Genotype58,Env5,5337.74443
Genotype59,Env5,4405.596109
Genotype60,Env5,3362.729279
Genotype61,Env5,6493.739444
Genotype62,Env5,3365.353248
Genotype63,Env5,4740.203248
Genotype64,Env5,4807.806273
Genotype65,Env5,4950.99443
Genotype66,Env5,4724.654926
Genotype67,Env5,4354.728895
Genotype68,Env5,4101.404926
Genotype69,Env5,6281.028895
Genotype70,Env5,2325.665091
Genotype71,Env5,2742.115091
Genotype72,Env5,3481.565091
Genotype73,Env5,7523.241122
Genotype74,Env5,3785.654926
Genotype75,Env5,4438.130958
Genotype76,Env5,5991.106273
Genotype77,Env5,3405.256273
Genotype78,Env5,4352.206273
Genotype79,Env5,6911.778895
Genotype80,Env5,4435.554926
Genotype81,Env5,5076.91126
Genotype82,Env5,6245.196109
Genotype83,Env5,6644.306273
Genotype84,Env5,3074.246109
Genotype85,Env5,5476.59443
Genotype86,Env5,4920.130958
Genotype87,Env5,4380.270077
Genotype88,Env5,6839.59443
Genotype89,Env5,5107.670077
Genotype90,Env5,6403.54443
Genotype91,Env5,5697.054926
Genotype92,Env5,6288.796109
Genotype93,Env5,4782.006273
Genotype94,Env5,6297.830958
Genotype95,Env5,4923.580958
Genotype96,Env5,6516.220077
Genotype97,Env5,5259.106273
Genotype98,Env5,8082.741122
Genotype99,Env5,2940.401287
Genotype100,Env5,5794.853248
Genotype101,Env5,6366.815091
Genotype102,Env5,9323.670077
Genotype103,Env5,4409.828895
Genotype104,Env5,5099.856273
Genotype105,Env5,4720.596109
Genotype106,Env5,7762.691122
Genotype107,Env5,6923.491122
Genotype108,Env5,5878.379279
Genotype109,Env5,5780.180958
Genotype110,Env5,7206.170077
Genotype111,Env5,6816.01126
Genotype112,Env5,6336.679279
Genotype113,Env5,5399.253248
Genotype114,Env5,4301.796109
Genotype115,Env5,8534.139444
Genotype116,Env5,5299.730958
Genotype117,Env5,6154.253248
Genotype118,Env5,7136.029279
Genotype119,Env5,8476.29443
Genotype120,Env5,4776.865091
Genotype121,Env5,4191.756273
Genotype122,Env5,9194.254926
Genotype123,Env5,7421.604926
Genotype124,Env5,4381.315091
Genotype125,Env5,6875.289444
Genotype126,Env5,6332.378895
Genotype127,Env5,6516.301287
Genotype128,Env5,4719.156273
Genotype129,Env5,4926.654926
Genotype130,Env5,6173.879279
Genotype131,Env5,7780.341122
Genotype132,Env5,5875.154926
Genotype133,Env5,5151.039444
Genotype134,Env5,8522.651287
Genotype135,Env5,8499.241122
Genotype136,Env5,5273.670077
Genotype137,Env5,4736.156273
Genotype138,Env5,5465.156273
Genotype139,Env5,7038.179279
Genotype140,Env5,6329.329279
Genotype141,Env5,7394.829279
Genotype142,Env5,7712.754926
Genotype143,Env5,4761.501287
Genotype144,Env5,6825.928895
Genotype145,Env5,8041.929279
Genotype146,Env5,7190.446109
Genotype147,Env5,8532.553248
Genotype148,Env5,6916.215091
Genotype149,Env5,4380.94443
Genotype150,Env5,5200.079279
Genotype151,Env5,5599.204926
Genotype152,Env5,5891.020077
Genotype153,Env5,5294.079279
Genotype154,Env5,3992.579279
Genotype155,Env5,5555.903248
Genotype156,Env5,8342.470077
Genotype157,Env5,6477.877601
Genotype158,Env5,7622.44443
Genotype159,Env5,6704.089444
Genotype160,Env5,7231.81126
Genotype161,Env5,6967.291122
Genotype162,Env5,6404.99443
Genotype163,Env5,6278.856273
Genotype164,Env5,6528.09443
Genotype165,Env5,8685.827601
Genotype166,Env5,5838.04443
Genotype167,Env5,4564.479279
Genotype168,Env5,9228.377601
Genotype169,Env5,5254.889444
Genotype170,Env5,4340.728895
Genotype171,Env5,5926.196109
Genotype172,Env5,3236.820077
Genotype173,Env5,3347.291122
Genotype174,Env5,3587.81126
Genotype175,Env5,9931.165091
Genotype176,Env5,5244.04443
Genotype177,Env5,5909.804926
Genotype178,Env5,2911.401287
Genotype179,Env5,4071.09443
Genotype180,Env5,5175.115091
Genotype181,Env5,4930.396109
Genotype182,Env5,6195.689444
Genotype183,Env5,5192.627601
Genotype184,Env5,8589.789444
Genotype185,Env5,4381.270077
Genotype186,Env5,5433.74443
Genotype187,Env5,7002.906273
Genotype188,Env5,6205.120077
Genotype189,Env5,4969.529279
Genotype190,Env5,5575.256273
Genotype191,Env5,6720.965091
Genotype192,Env5,5775.629279
Genotype193,Env5,6126.94443
Genotype194,Env5,5708.253248
Genotype195,Env5,7557.146109
Genotype196,Env5,5123.729279
Genotype197,Env5,6807.070077
Genotype198,Env5,4489.701287
Genotype199,Env5,7173.001287
Genotype200,Env5,7624.404926
Genotype2,Env6,4144.783
Genotype3,Env6,5169.56405
Genotype4,Env6,3849.3694
Genotype5,Env6,4226.02965
Genotype6,Env6,5296.05045
Genotype7,Env6,3209.1278
Genotype8,Env6,5579.08695
Genotype9,Env6,3754.22805
Genotype10,Env6,2475.429
Genotype11,Env6,4918.83115
Genotype12,Env6,7724.451
Genotype13,Env6,2877.59615
Genotype14,Env6,7383.75955
Genotype15,Env6,5248.68045
Genotype16,Env6,4510.80285
Genotype17,Env6,4412.8651
Genotype18,Env6,5357.8047
Genotype19,Env6,4377.67625
Genotype20,Env6,6589.84375
Genotype21,Env6,5491.043
Genotype22,Env6,7700.50025
Genotype23,Env6,5064.25395
Genotype24,Env6,4676.3082
Genotype25,Env6,3787.00945
Genotype26,Env6,4174.37795
Genotype27,Env6,4182.52685
Genotype28,Env6,3710.4715
Genotype29,Env6,5347.6053
Genotype30,Env6,4101.39805
Genotype31,Env6,3580.7051
Genotype32,Env6,4969.8329
Genotype33,Env6,5731.25
Genotype34,Env6,5527.0928
Genotype35,Env6,3515.58495
Genotype36,Env6,5119.33325
Genotype37,Env6,5455.763
Genotype38,Env6,5788.8283
Genotype39,Env6,5711.4099
Genotype40,Env6,5566.56985
Genotype41,Env6,6627.77425
Genotype42,Env6,4369.1309
Genotype43,Env6,4956.7049
Genotype44,Env6,5006.83125
Genotype45,Env6,3403.61085
Genotype46,Env6,4514.8845
Genotype47,Env6,6023.13255
Genotype48,Env6,3574.1262
Genotype49,Env6,4970.07515
Genotype50,Env6,4291.83865
Genotype51,Env6,7210.9165
Genotype52,Env6,3838.9208
Genotype53,Env6,6239.26245
Genotype54,Env6,5989.9107
Genotype55,Env6,3170.3125
Genotype56,Env6,3017.0602
Genotype57,Env6,2106.8677
Genotype58,Env6,3332.57935
Genotype59,Env6,5472.7296
Genotype60,Env6,1987.7481
Genotype61,Env6,4386.28205
Genotype62,Env6,2825.37305
Genotype63,Env6,4332.00755
Genotype64,Env6,5331.42305
Genotype65,Env6,5119.44895
Genotype66,Env6,5625.0581
Genotype67,Env6,3152.1318
Genotype68,Env6,3165.8067
Genotype69,Env6,6255.8039
Genotype70,Env6,2727.67735
Genotype71,Env6,3996.67825
Genotype72,Env6,3427.96885
Genotype73,Env6,5870.3125
Genotype74,Env6,4081.7425
Genotype75,Env6,1945.4228
Genotype76,Env6,4800.72915
Genotype77,Env6,3081.4662
Genotype78,Env6,2466.77445
Genotype79,Env6,2942.83595
Genotype80,Env6,3243.60135
Genotype81,Env6,4429.22955
Genotype82,Env6,4799.6179
Genotype83,Env6,4178.801
Genotype84,Env6,3563.76675
Genotype85,Env6,2335.10305
Genotype86,Env6,3292.49455
Genotype87,Env6,4384.332
Genotype88,Env6,4654.44575
Genotype89,Env6,4486.1544
Genotype90,Env6,7391.2962
Genotype91,Env6,2910.5238
Genotype92,Env6,4417.39045
Genotype93,Env6,4150.84425
Genotype94,Env6,3171.1111
Genotype95,Env6,6532.15845
Genotype96,Env6,5717.6995
Genotype97,Env6,4790.72105
Genotype98,Env6,4765.78325
Genotype99,Env6,7217.3765
Genotype100,Env6,7631.9203
Genotype101,Env6,6384.7769
Genotype102,Env6,6373.333
Genotype103,Env6,4215.365
Genotype104,Env6,5207.81435
Genotype105,Env6,5685.6367
Genotype106,Env6,5092.91525
Genotype107,Env6,4828.9073
Genotype108,Env6,6183.02765
Genotype109,Env6,7432.502
Genotype110,Env6,5869.0506
Genotype111,Env6,5549.0046
Genotype112,Env6,5855.3755
Genotype113,Env6,6072.31205
Genotype114,Env6,6656.73685
Genotype115,Env6,4936.0686
Genotype116,Env6,6867.92345
Genotype117,Env6,5202.40455
Genotype118,Env6,5503.205
Genotype119,Env6,7240.699
Genotype120,Env6,5653.3717
Genotype121,Env6,6289.91505
Genotype122,Env6,6784.7949
Genotype123,Env6,6708.20985
Genotype124,Env6,5571.56055
Genotype125,Env6,7105.2215
Genotype126,Env6,6015.8014
Genotype127,Env6,8138.19035
Genotype128,Env6,5277.16905
Genotype129,Env6,5454.33135
Genotype130,Env6,7258.3212
Genotype131,Env6,6657.8125
Genotype132,Env6,6560.1672
Genotype133,Env6,5733.5628
Genotype134,Env6,5050.38065
Genotype135,Env6,5917.39295
Genotype136,Env6,4143.75725
Genotype137,Env6,7520.2213
Genotype138,Env6,7251.5685
Genotype139,Env6,7875.48495
Genotype140,Env6,6467.23825
Genotype141,Env6,5802.08055
Genotype142,Env6,5532.16205
Genotype143,Env6,6928.57145
Genotype144,Env6,4268.0014
Genotype145,Env6,7265.13855
Genotype146,Env6,7866.10775
Genotype147,Env6,5006.0243
Genotype148,Env6,5161.2059
Genotype149,Env6,1532.4746
Genotype150,Env6,4133.17585
Genotype151,Env6,5509.77005
Genotype152,Env6,5500.84135
Genotype153,Env6,4338.0902
Genotype154,Env6,4071.9231
Genotype155,Env6,5313.0941
Genotype156,Env6,4999.77165
Genotype157,Env6,5466.1844
Genotype158,Env6,6423.3358
Genotype159,Env6,4700.01815
Genotype160,Env6,5244.8255
Genotype161,Env6,5306.288
Genotype162,Env6,4464.1963
Genotype163,Env6,2104.0914
Genotype164,Env6,4967.4624
Genotype165,Env6,6928.1698
Genotype166,Env6,3512.6187
Genotype167,Env6,4597.68015
Genotype168,Env6,4258.99165
Genotype169,Env6,4351.50535
Genotype170,Env6,3343.43845
Genotype171,Env6,6491.3386
Genotype172,Env6,1271.94115
Genotype173,Env6,2243.42295
Genotype174,Env6,1983.22875
Genotype175,Env6,5952.9953
Genotype176,Env6,5251.41835
Genotype177,Env6,6700
Genotype178,Env6,5253.9293
Genotype179,Env6,5310.4112
Genotype180,Env6,5937.5
Genotype181,Env6,1252.52495
Genotype182,Env6,5894.6382
Genotype183,Env6,1104.2468
Genotype184,Env6,4259.02195
Genotype185,Env6,3561.7611
Genotype186,Env6,4811.9903
Genotype187,Env6,5453.00335
Genotype188,Env6,5306.1832
Genotype189,Env6,5813.8589
Genotype190,Env6,4471.641
Genotype191,Env6,3654.27585
Genotype192,Env6,5467.7479
Genotype193,Env6,3074.68995
Genotype194,Env6,5536.2731
Genotype195,Env6,7701.69345
Genotype196,Env6,5004.39165
Genotype197,Env6,5900.8109
Genotype198,Env6,4474.58475
Genotype199,Env6,6674.05185
Genotype200,Env6,6544.44955
Genotype2,Env7,1324.104189
Genotype3,Env7,2001.720539
Genotype4,Env7,2711.386638
Genotype5,Env7,1360.633291
Genotype6,Env7,3706.366818
Genotype7,Env7,158.5625489
Genotype8,Env7,1374.419496
Genotype9,Env7,280.5776182
Genotype10,Env7,636.8211825
Genotype11,Env7,1318.779588
Genotype12,Env7,2320.160583
Genotype13,Env7,1930.925015
Genotype14,Env7,1461.523999
Genotype15,Env7,576.502265
Genotype16,Env7,1920.834465
Genotype17,Env7,4423.514141
Genotype18,Env7,1420.596613
Genotype19,Env7,1607.408544
Genotype20,Env7,2489.43496
Genotype21,Env7,1082.498588
Genotype22,Env7,456.2861438
Genotype23,Env7,1273.530863
Genotype24,Env7,5952.181337
Genotype25,Env7,633.7508375
Genotype26,Env7,827.5194325
Genotype27,Env7,3523.62111
Genotype28,Env7,403.1023906
Genotype29,Env7,2207.760986
Genotype30,Env7,282.2744875
Genotype31,Env7,859.587465
Genotype32,Env7,3604.446288
Genotype33,Env7,1025.884665
Genotype34,Env7,895.9289682
Genotype35,Env7,2354.608263
Genotype36,Env7,671.05936
Genotype37,Env7,1354.454418
Genotype38,Env7,1473.14866
Genotype39,Env7,1305.979913
Genotype40,Env7,1415.16361
Genotype41,Env7,1417.972787
Genotype42,Env7,1573.936541
Genotype43,Env7,915.0968182
Genotype44,Env7,3572.905963
Genotype45,Env7,1063.971438
Genotype46,Env7,1718.608796
Genotype47,Env7,694.8654406
Genotype48,Env7,1967.335836
Genotype49,Env7,2450.038915
Genotype50,Env7,750.5874387
Genotype51,Env7,638.5311406
Genotype52,Env7,872.0597356
Genotype53,Env7,1009.598149
Genotype54,Env7,611.4738875
Genotype55,Env7,116.4890457
Genotype56,Env7,841.30901
Genotype57,Env7,2875.773399
Genotype58,Env7,2390.742468
Genotype59,Env7,1353.095894
Genotype60,Env7,1686.657713
Genotype61,Env7,636.67096
Genotype62,Env7,1083.924265
Genotype63,Env7,1481.477115
Genotype64,Env7,3215.378991
Genotype65,Env7,1454.132068
Genotype66,Env7,943.0792406
Genotype67,Env7,1115.946692
Genotype68,Env7,2327.747991
Genotype69,Env7,3654.320692
Genotype70,Env7,2470.992238
Genotype71,Env7,1986.150538
Genotype72,Env7,632.9601375
Genotype73,Env7,884.7777356
Genotype74,Env7,691.7492906
Genotype75,Env7,1239.932989
Genotype76,Env7,782.4211407
Genotype77,Env7,864.1435407
Genotype78,Env7,1185.602491
Genotype79,Env7,2340.310742
Genotype80,Env7,1804.427841
Genotype81,Env7,1089.485499
Genotype82,Env7,2009.719994
Genotype83,Env7,1081.820191
Genotype84,Env7,1933.757094
Genotype85,Env7,846.1560682
Genotype86,Env7,648.4774387
Genotype87,Env7,755.4332457
Genotype88,Env7,486.3177682
Genotype89,Env7,690.8892457
Genotype90,Env7,2488.407118
Genotype91,Env7,2065.206141
Genotype92,Env7,2106.717294
Genotype93,Env7,4267.377641
Genotype94,Env7,743.3538887
Genotype95,Env7,1310.150789
Genotype96,Env7,875.8577957
Genotype97,Env7,1104.550491
Genotype98,Env7,1484.607636
Genotype99,Env7,1350.829183
Genotype100,Env7,623.986065
Genotype101,Env7,1140.783538
Genotype102,Env7,1963.894446
Genotype103,Env7,1828.466742
Genotype104,Env7,1061.254691
Genotype105,Env7,1296.546144
Genotype106,Env7,758.5059356
Genotype107,Env7,1198.989186
Genotype108,Env7,953.1002131
Genotype109,Env7,700.6175438
Genotype110,Env7,2766.770546
Genotype111,Env7,1932.863049
Genotype112,Env7,2173.788113
Genotype113,Env7,716.972965
Genotype114,Env7,1542.096444
Genotype115,Env7,1300.05646
Genotype116,Env7,2754.293089
Genotype117,Env7,532.270965
Genotype118,Env7,866.2179131
Genotype119,Env7,635.7402682
Genotype120,Env7,873.2507875
Genotype121,Env7,2008.129741
Genotype122,Env7,688.4311906
Genotype123,Env7,1995.101491
Genotype124,Env7,2153.901188
Genotype125,Env7,5472.10416
Genotype126,Env7,1581.764342
Genotype127,Env7,993.7706325
Genotype128,Env7,755.7041907
Genotype129,Env7,1045.834891
Genotype130,Env7,4414.764513
Genotype131,Env7,3274.276236
Genotype132,Env7,1280.263641
Genotype133,Env7,765.88126
Genotype134,Env7,940.2641325
Genotype135,Env7,836.1585356
Genotype136,Env7,1213.500196
Genotype137,Env7,1213.162441
Genotype138,Env7,1219.548691
Genotype139,Env7,1259.288363
Genotype140,Env7,711.2124631
Genotype141,Env7,741.8902131
Genotype142,Env7,924.6684906
Genotype143,Env7,763.6470825
Genotype144,Env7,2073.218892
Genotype145,Env7,761.2593131
Genotype146,Env7,3167.841394
Genotype147,Env7,1541.355215
Genotype148,Env7,1772.878338
Genotype149,Env7,1989.170168
Genotype150,Env7,2068.525713
Genotype151,Env7,630.6166406
Genotype152,Env7,1851.499746
Genotype153,Env7,518.4799131
Genotype154,Env7,915.4004131
Genotype155,Env7,488.211165
Genotype156,Env7,1428.124146
Genotype157,Env7,1963.046487
Genotype158,Env7,1717.458768
Genotype159,Env7,3179.33451
Genotype160,Env7,1281.091599
Genotype161,Env7,1333.255086
Genotype162,Env7,468.1971682
Genotype163,Env7,957.0528907
Genotype164,Env7,629.5499682
Genotype165,Env7,1115.326587
Genotype166,Env7,953.6724682
Genotype167,Env7,718.2710131
Genotype168,Env7,3041.096168
Genotype169,Env7,389.80936
Genotype170,Env7,766.6934425
Genotype171,Env7,850.8355938
Genotype172,Env7,444.1763957
Genotype173,Env7,925.6025856
Genotype174,Env7,1919.808899
Genotype175,Env7,810.4419375
Genotype176,Env7,802.1880682
Genotype177,Env7,534.7885406
Genotype179,Env7,470.3112182
Genotype181,Env7,201.5532438
Genotype182,Env7,991.74431
Genotype183,Env7,150.1557875
Genotype185,Env7,587.8642457
Genotype186,Env7,651.4471182
Genotype187,Env7,958.8836907
Genotype188,Env7,2499.192346
Genotype189,Env7,1612.802263
Genotype190,Env7,452.0250907
Genotype191,Env7,840.4022375
Genotype192,Env7,670.3430631
Genotype193,Env7,1251.234168
Genotype194,Env7,593.971515
Genotype195,Env7,3223.224744
Genotype196,Env7,1640.545713
Genotype197,Env7,661.5833457
Genotype198,Env7,928.2274325
Genotype199,Env7,2219.006783
Genotype200,Env7,2040.538691
Genotype2,Env8,4187.406787
Genotype3,Env8,4325.706787
Genotype4,Env8,5642.187785
Genotype5,Env8,7059.86168
Genotype6,Env8,4570.783822
Genotype7,Env8,4842.517287
Genotype8,Env8,4690.79193
Genotype9,Env8,4702.133822
Genotype10,Env8,3915.208996
Genotype11,Env8,4990.287785
Genotype12,Env8,5048.408996
Genotype13,Env8,4293.058465
Genotype14,Env8,5348.017287
Genotype15,Env8,5382.658465
Genotype16,Env8,4373.658465
Genotype17,Env8,5460.31168
Genotype18,Env8,3649.453572
Genotype19,Env8,3961.787037
Genotype20,Env8,4741.729676
Genotype21,Env8,3802.287785
Genotype22,Env8,5490.387037
Genotype23,Env8,3881.053572
Genotype24,Env8,3812.729676
Genotype25,Env8,4721.937785
Genotype26,Env8,3580.358996
Genotype27,Env8,4204.029676
Genotype28,Env8,3854.06168
Genotype29,Env8,4600.332891
Genotype30,Env8,3949.237785
Genotype31,Env8,4752.458465
Genotype32,Env8,4513.137785
Genotype33,Env8,4368.958465
Genotype34,Env8,3420.083822
Genotype35,Env8,4374.553572
Genotype36,Env8,4568.879676
Genotype37,Env8,4608.833822
Genotype38,Env8,4599.779676
Genotype39,Env8,3946.803572
Genotype40,Env8,5146.629676
Genotype41,Env8,3556.600357
Genotype42,Env8,3586.86168
Genotype43,Env8,5175.783822
Genotype44,Env8,3321.403572
Genotype45,Env8,5368.687785
Genotype46,Env8,4757.09193
Genotype47,Env8,4920.81168
Genotype48,Env8,3983.982891
Genotype49,Env8,4864.508465
Genotype50,Env8,3258.006787
Genotype51,Env8,5350.06168
Genotype52,Env8,5208.332891
Genotype53,Env8,5288.167287
Genotype54,Env8,4005.587785
Genotype55,Env8,5138.84193
Genotype56,Env8,4463.429676
Genotype57,Env8,3075.717287
Genotype58,Env8,4080.633822
Genotype59,Env8,3559.437037
Genotype60,Env8,4339.203572
Genotype61,Env8,5756.929676
Genotype62,Env8,5083.908465
Genotype63,Env8,4608.008465
Genotype64,Env8,4902.663141
Genotype65,Env8,4988.583822
Genotype66,Env8,5620.06168
Genotype67,Env8,5871.916574
Genotype68,Env8,4202.66168
Genotype69,Env8,4678.716574
Genotype70,Env8,4139.687785
Genotype71,Env8,3186.587785
Genotype72,Env8,3114.987785
Genotype73,Env8,3209.132891
Genotype74,Env8,2734.91168
Genotype75,Env8,4402.206787
Genotype76,Env8,4109.463141
Genotype77,Env8,4574.263141
Genotype78,Env8,4115.163141
Genotype79,Env8,5136.966574
Genotype80,Env8,3784.46168
Genotype81,Env8,5795.317287
Genotype82,Env8,5259.937037
Genotype83,Env8,6499.813141
Genotype84,Env8,4875.737037
Genotype85,Env8,4688.483822
Genotype86,Env8,4545.956787
Genotype87,Env8,3518.34193
Genotype88,Env8,4830.533822
Genotype89,Env8,3767.04193
Genotype90,Env8,4991.433822
Genotype91,Env8,4943.11168
Genotype92,Env8,6552.187037
Genotype93,Env8,3247.463141
Genotype94,Env8,5728.556787
Genotype95,Env8,6729.956787
Genotype96,Env8,7265.29193
Genotype97,Env8,4498.813141
Genotype98,Env8,4994.082891
Genotype99,Env8,7021.658996
Genotype100,Env8,6014.608465
Genotype101,Env8,5278.637785
Genotype102,Env8,6144.19193
Genotype103,Env8,5359.816574
Genotype104,Env8,5316.563141
Genotype105,Env8,4884.787037
Genotype106,Env8,4804.432891
Genotype107,Env8,6072.932891
Genotype108,Env8,4507.653572
Genotype109,Env8,4860.687037
Genotype110,Env8,5164.64193
Genotype111,Env8,4743.117287
Genotype112,Env8,4053.803572
Genotype113,Env8,5368.108465
Genotype114,Env8,5126.987037
Genotype115,Env8,5585.379676
Genotype116,Env8,5085.106787
Genotype117,Env8,6285.258465
Genotype118,Env8,5450.803572
Genotype119,Env8,6376.583822
Genotype120,Env8,5663.087785
Genotype121,Env8,4902.813141
Genotype122,Env8,5801.81168
Genotype123,Env8,5608.36168
Genotype124,Env8,4082.537785
Genotype125,Env8,4872.929676
Genotype126,Env8,5300.616574
Genotype127,Env8,5907.308996
Genotype128,Env8,5431.213141
Genotype129,Env8,4892.41168
Genotype130,Env8,4745.003572
Genotype131,Env8,6220.632891
Genotype132,Env8,5895.06168
Genotype133,Env8,5407.429676
Genotype134,Env8,4904.158996
Genotype135,Env8,5050.532891
Genotype136,Env8,5167.34193
Genotype137,Env8,5239.763141
Genotype138,Env8,5942.113141
Genotype139,Env8,4858.703572
Genotype140,Env8,4790.453572
Genotype141,Env8,5362.803572
Genotype142,Env8,6109.26168
Genotype143,Env8,4954.658996
Genotype144,Env8,7177.366574
Genotype145,Env8,5092.053572
Genotype146,Env8,6089.837037
Genotype147,Env8,4549.058465
Genotype148,Env8,4879.137785
Genotype149,Env8,2618.283822
Genotype150,Env8,4813.553572
Genotype151,Env8,4818.21168
Genotype152,Env8,4727.44193
Genotype153,Env8,5249.753572
Genotype154,Env8,4457.903572
Genotype155,Env8,5531.058465
Genotype156,Env8,5271.19193
Genotype157,Env8,4736.000357
Genotype158,Env8,4875.283822
Genotype159,Env8,4709.229676
Genotype160,Env8,5584.117287
Genotype161,Env8,6859.582891
Genotype162,Env8,4555.733822
Genotype163,Env8,4917.813141
Genotype164,Env8,5501.283822
Genotype165,Env8,5820.250357
Genotype166,Env8,5048.983822
Genotype167,Env8,5233.803572
Genotype168,Env8,5087.983822
Genotype169,Env8,4574.879676
Genotype170,Env8,5025.016574
Genotype171,Env8,4558.187037
Genotype172,Env8,3536.39193
Genotype173,Env8,4883.582891
Genotype174,Env8,3935.367287
Genotype175,Env8,4784.237785
Genotype176,Env8,4007.733822
Genotype177,Env8,3991.96168
Genotype178,Env8,3076.608996
Genotype179,Env8,3371.283822
Genotype180,Env8,5037.437785
Genotype181,Env8,1984.137037
Genotype182,Env8,4716.529676
Genotype183,Env8,4648.750357
Genotype184,Env8,4010.079676
Genotype185,Env8,2969.84193
Genotype186,Env8,5640.633822
Genotype187,Env8,5280.813141
Genotype188,Env8,4591.94193
Genotype189,Env8,4155.953572
Genotype190,Env8,3183.913141
Genotype191,Env8,3124.787785
Genotype192,Env8,5628.853572
Genotype193,Env8,4857.217287
Genotype194,Env8,5947.658465
Genotype195,Env8,3281.087037
Genotype196,Env8,5461.753572
Genotype197,Env8,4132.04193
Genotype198,Env8,4121.658996
Genotype199,Env8,5144.958996
Genotype200,Env8,4455.46168
Genotype2,Env9,4819.809405
Genotype3,Env9,4506.359405
Genotype4,Env9,4515.274648
Genotype5,Env9,5307.676779
Genotype6,Env9,5400.74565
Genotype7,Env9,5112.397432
Genotype8,Env9,4512.545793
Genotype9,Env9,4121.99565
Genotype10,Env9,4506.055142
Genotype11,Env9,5749.724648
Genotype12,Env9,4845.555142
Genotype13,Env9,4672.84401
Genotype14,Env9,5404.747432
Genotype15,Env9,3403.44401
Genotype16,Env9,5689.24401
Genotype17,Env9,5107.826779
Genotype18,Env9,4392.476636
Genotype19,Env9,3076.678419
Genotype20,Env9,4446.724505
Genotype21,Env9,5649.224648
Genotype22,Env9,5879.778419
Genotype23,Env9,4782.076636
Genotype24,Env9,6605.624505
Genotype25,Env9,7658.374648
Genotype26,Env9,6193.405142
Genotype27,Env9,5812.074505
Genotype28,Env9,3682.776779
Genotype29,Env9,7308.355142
Genotype30,Env9,5309.674648
Genotype31,Env9,2288.14401
Genotype32,Env9,6436.274648
Genotype33,Env9,3287.34401
Genotype34,Env9,1992.44565
Genotype35,Env9,5222.376636
Genotype36,Env9,3821.124505
Genotype37,Env9,5450.54565
Genotype38,Env9,6733.024505
Genotype39,Env9,5034.626636
Genotype40,Env9,5561.874505
Genotype41,Env9,2398.443867
Genotype42,Env9,2892.976779
Genotype43,Env9,4823.79565
Genotype44,Env9,4766.876636
Genotype45,Env9,5916.674648
Genotype46,Env9,3669.645793
Genotype47,Env9,4280.926779
Genotype48,Env9,3600.857274
Genotype49,Env9,4621.24401
Genotype50,Env9,3710.309405
Genotype51,Env9,5429.026779
Genotype52,Env9,6135.407274
Genotype53,Env9,5071.397432
Genotype54,Env9,4806.924648
Genotype55,Env9,4362.895793
Genotype56,Env9,3767.774505
Genotype57,Env9,3818.097432
Genotype58,Env9,5558.94565
Genotype59,Env9,1759.728419
Genotype60,Env9,5458.326636
Genotype61,Env9,4637.524505
Genotype62,Env9,2876.19401
Genotype63,Env9,4554.84401
Genotype64,Env9,4267.976287
Genotype65,Env9,5975.54565
Genotype66,Env9,3617.026779
Genotype67,Env9,5969.744153
Genotype68,Env9,5582.276779
Genotype69,Env9,3204.144153
Genotype70,Env9,4295.274648
Genotype71,Env9,3448.974648
Genotype72,Env9,4359.724648
Genotype73,Env9,5679.007274
Genotype74,Env9,3799.626779
Genotype75,Env9,6015.309405
Genotype76,Env9,3306.426287
Genotype77,Env9,3023.026287
Genotype78,Env9,6486.476287
Genotype79,Env9,5153.694153
Genotype80,Env9,2752.626779
Genotype81,Env9,6923.297432
Genotype82,Env9,6818.878419
Genotype83,Env9,5081.576287
Genotype84,Env9,3705.628419
Genotype85,Env9,3980.54565
Genotype86,Env9,4315.809405
Genotype87,Env9,5417.595793
Genotype88,Env9,4785.79565
Genotype89,Env9,5187.295793
Genotype90,Env9,6054.79565
Genotype91,Env9,4518.926779
Genotype92,Env9,7744.028419
Genotype93,Env9,5010.776287
Genotype94,Env9,4856.709405
Genotype95,Env9,3825.309405
Genotype96,Env9,5006.345793
Genotype97,Env9,4851.776287
Genotype98,Env9,4352.207274
Genotype99,Env9,4818.555142
Genotype100,Env9,5726.59401
Genotype101,Env9,6796.424648
Genotype102,Env9,5837.745793
Genotype103,Env9,4412.394153
Genotype104,Env9,3981.276287
Genotype105,Env9,4937.328419
Genotype106,Env9,4253.557274
Genotype107,Env9,5150.857274
Genotype108,Env9,5078.026636
Genotype109,Env9,4630.528419
Genotype110,Env9,6020.295793
Genotype111,Env9,5170.397432
Genotype112,Env9,5812.426636
Genotype113,Env9,6767.99401
Genotype114,Env9,5163.578419
Genotype115,Env9,5327.674505
Genotype116,Env9,6852.809405
Genotype117,Env9,4778.54401
Genotype118,Env9,5249.376636
Genotype119,Env9,5915.44565
Genotype120,Env9,4313.124648
Genotype121,Env9,6363.576287
Genotype122,Env9,4705.526779
Genotype123,Env9,5964.776779
Genotype124,Env9,4945.224648
Genotype125,Env9,4906.424505
Genotype126,Env9,6376.094153
Genotype127,Env9,5485.655142
Genotype128,Env9,5162.776287
Genotype129,Env9,5351.576779
Genotype130,Env9,5351.176636
Genotype131,Env9,5317.107274
Genotype132,Env9,4586.876779
Genotype133,Env9,4927.774505
Genotype134,Env9,5248.255142
Genotype135,Env9,7250.657274
Genotype136,Env9,5490.195793
Genotype137,Env9,6435.497432
Genotype138,Env9,7767.026287
Genotype139,Env9,4528.876636
Genotype140,Env9,4517.076636
Genotype141,Env9,6664.476636
Genotype142,Env9,6891.426779
Genotype143,Env9,4191.055142
Genotype144,Env9,4877.594153
Genotype145,Env9,5976.076636
Genotype146,Env9,5519.078419
Genotype147,Env9,6509.89401
Genotype148,Env9,4272.424648
Genotype149,Env9,4124.44565
Genotype150,Env9,6044.276636
Genotype151,Env9,6249.826779
Genotype152,Env9,4855.645793
Genotype153,Env9,5322.993867
Genotype154,Env9,4572.776636
Genotype155,Env9,6593.74401
Genotype156,Env9,7265.045793
Genotype157,Env9,3370.693867
Genotype158,Env9,6026.09565
Genotype159,Env9,4482.724505
Genotype160,Env9,5589.547432
Genotype161,Env9,5440.207274
Genotype162,Env9,3778.09565
Genotype163,Env9,4953.726287
Genotype164,Env9,4597.94565
Genotype165,Env9,6649.893867
Genotype166,Env9,5649.44565
Genotype167,Env9,6041.026636
Genotype168,Env9,5729.04565
Genotype169,Env9,4355.124505
Genotype170,Env9,2920.394153
Genotype171,Env9,2843.328419
Genotype172,Env9,2352.395793
Genotype173,Env9,4488.907274
Genotype174,Env9,4328.997432
Genotype175,Env9,6366.624648
Genotype176,Env9,3889.74565
Genotype177,Env9,4437.626779
Genotype178,Env9,7419.205142
Genotype179,Env9,4166.24565
Genotype180,Env9,6337.524648
Genotype181,Env9,5116.959405
Genotype182,Env9,5158.974505
Genotype183,Env9,4200.193867
Genotype184,Env9,6349.724505
Genotype185,Env9,3634.195793
Genotype186,Env9,5680.94565
Genotype187,Env9,5890.626287
Genotype188,Env9,4103.495793
Genotype189,Env9,4038.726636
Genotype190,Env9,6407.176287
Genotype191,Env9,5476.474648
Genotype192,Env9,5442.426636
Genotype193,Env9,4088.34565
Genotype194,Env9,4847.94401
Genotype195,Env9,6240.828419
Genotype196,Env9,6468.076636
Genotype197,Env9,5629.295793
Genotype198,Env9,5996.405142
Genotype199,Env9,6007.555142
Genotype200,Env9,7108.726779